"Time (h)    ","1D and 2D:  ","H Vol In    ","H Vol Out   ","Q Vol In    ","Q Vol Out   ","Tot Vol In  ","Tot Vol Out ","Vol I-O     ","dVol        ","Vol Err     ","Q ME (%)    ","Vol I+O     ","Tot Vol     ","Cum Vol I+O ","Cum Vol Err ","Cum ME (%)  ","Cum Q ME (%)"
         0.000,              ,  0.000000    ,  0.000000    ,  0.000000    ,  0.000000    ,  0.000000    ,  0.000000    ,  0.000000    ,  0.000000    ,  0.000000    ,  0.000000    ,  0.000000    ,  0.000000    ,  0.000000    ,  0.000000    ,  0.000000    ,  0.000000    
         0.017,              ,  0.000000    ,  0.000000    ,  63.54167    ,  0.000000    ,  63.54167    ,  0.000000    ,  63.54167    ,  63.54167    , 0.1894307E-10, 0.2981204E-10,  63.54167    ,  63.54167    ,  63.54167    , 0.1894307E-10, 0.2981204E-10, 0.2981204E-10
         0.033,              ,  0.000000    ,  0.000000    ,  188.5417    ,  0.000000    ,  188.5417    ,  0.000000    ,  188.5417    ,  188.4762    ,-0.6542149E-01,-0.3469869E-01,  188.5417    ,  252.0179    ,  252.0833    ,-0.6542149E-01,-0.2595233E-01,-0.2595233E-01
         0.050,              ,  0.000000    ,  0.000000    ,  313.5417    ,  0.000000    ,  313.5417    ,  0.000000    ,  313.5417    ,  313.4343    ,-0.1073750    ,-0.3424584E-01,  313.5417    ,  565.4522    ,  565.6250    ,-0.1727965    ,-0.3054965E-01,-0.3054965E-01
         0.067,              ,  0.000000    ,  0.000000    ,  438.5417    ,  0.000000    ,  438.5417    ,  0.000000    ,  438.5417    ,  438.4660    ,-0.7569025E-01,-0.1725954E-01,  438.5417    ,  1003.918    ,  1004.167    ,-0.2484867    ,-0.2474556E-01,-0.2474556E-01
         0.083,              ,  0.000000    ,  0.000000    ,  563.5417    ,  0.000000    ,  563.5417    ,  0.000000    ,  563.5417    ,  562.9424    ,-0.5992263    ,-0.1063322    ,  563.5417    ,  1566.861    ,  1567.708    ,-0.8477130    ,-0.5407339E-01,-0.5407339E-01
         0.100,              ,  0.000000    ,  0.000000    ,  688.5417    ,  0.000000    ,  688.5417    ,  0.000000    ,  688.5417    ,  687.7740    ,-0.7677012    ,-0.1114967    ,  688.5417    ,  2254.635    ,  2256.250    , -1.615414    ,-0.7159731E-01,-0.7159731E-01
         0.117,              ,  0.000000    ,  0.000000    ,  813.5417    ,  0.000000    ,  813.5417    ,  0.000000    ,  813.5417    ,  813.0224    ,-0.5192956    ,-0.6383146E-01,  813.5417    ,  3067.657    ,  3069.792    , -2.134710    ,-0.6953924E-01,-0.6953924E-01
         0.133,              ,  0.000000    ,  0.000000    ,  938.5417    ,  0.000000    ,  938.5417    ,  0.000000    ,  938.5417    ,  937.5910    ,-0.9506521    ,-0.1012903    ,  938.5417    ,  4005.248    ,  4008.333    , -3.085362    ,-0.7697369E-01,-0.7697369E-01
         0.150,              ,  0.000000    ,  0.000000    ,  1063.542    ,  0.000000    ,  1063.542    ,  0.000000    ,  1063.542    ,  1062.737    ,-0.8044956    ,-0.7564307E-01,  1063.542    ,  5067.985    ,  5071.875    , -3.889857    ,-0.7669466E-01,-0.7669466E-01
         0.167,              ,  0.000000    ,  0.000000    ,  1188.542    ,  0.000000    ,  1188.542    ,  0.000000    ,  1188.542    ,  1187.666    ,-0.8756005    ,-0.7367016E-01,  1188.542    ,  6255.651    ,  6260.417    , -4.765458    ,-0.7612046E-01,-0.7612046E-01
         0.183,              ,  0.000000    ,  0.000000    ,  1313.542    ,  0.000000    ,  1313.542    ,  0.000000    ,  1313.542    ,  1311.741    , -1.800878    ,-0.1371009    ,  1313.542    ,  7567.392    ,  7573.958    , -6.566336    ,-0.8669622E-01,-0.8669622E-01
         0.200,              ,  0.000000    ,  0.000000    ,  1438.542    ,  0.000000    ,  1438.542    ,  0.000000    ,  1438.542    ,  1437.640    ,-0.9021362    ,-0.6271186E-01,  1438.542    ,  9005.032    ,  9012.500    , -7.468472    ,-0.8286793E-01,-0.8286793E-01
         0.217,              ,  0.000000    ,  0.000000    ,  1563.542    ,  0.000000    ,  1563.542    ,  0.000000    ,  1563.542    ,  1562.056    , -1.485457    ,-0.9500594E-01,  1563.542    ,  10567.09    ,  10576.04    , -8.953930    ,-0.8466239E-01,-0.8466239E-01
         0.233,              ,  0.000000    ,  0.000000    ,  1688.542    ,  0.000000    ,  1688.542    ,  0.000000    ,  1688.542    ,  1687.344    , -1.197739    ,-0.7093336E-01,  1688.542    ,  12254.43    ,  12264.58    , -10.15167    ,-0.8277223E-01,-0.8277223E-01
         0.250,              ,  0.000000    ,  0.000000    ,  1813.542    ,  0.000000    ,  1813.542    ,  0.000000    ,  1813.542    ,  1809.714    , -3.828059    ,-0.2110820    ,  1813.542    ,  14064.15    ,  14078.12    , -13.97973    ,-0.9930107E-01,-0.9930107E-01
         0.267,              ,  0.000000    ,  0.000000    ,  1938.542    ,  0.000000    ,  1938.542    ,  0.000000    ,  1938.542    ,  1934.717    , -3.825130    ,-0.1973200    ,  1938.542    ,  15998.86    ,  16016.67    , -17.80486    ,-0.1111646    ,-0.1111646    
         0.283,              ,  0.000000    ,  0.000000    ,  2063.542    ,  0.000000    ,  2063.542    ,  0.000000    ,  2063.542    ,  2059.619    , -3.922220    ,-0.1900723    ,  2063.542    ,  18058.48    ,  18080.21    , -21.72708    ,-0.1201705    ,-0.1201705    
         0.300,              ,  0.000000    ,  0.000000    ,  2188.542    ,  0.000000    ,  2188.542    ,  0.000000    ,  2188.542    ,  2184.878    , -3.663356    ,-0.1673880    ,  2188.542    ,  20243.36    ,  20268.75    , -25.39043    ,-0.1252689    ,-0.1252689    
         0.317,              ,  0.000000    ,  0.000000    ,  2313.542    ,  0.000000    ,  2313.542    ,  0.000000    ,  2313.542    ,  2306.557    , -6.984766    ,-0.3019080    ,  2313.542    ,  22549.92    ,  22582.29    , -32.37520    ,-0.1433654    ,-0.1433654    
         0.333,              ,  0.000000    ,  0.000000    ,  2438.542    ,  0.000000    ,  2438.542    ,  0.000000    ,  2438.542    ,  2434.110    , -4.431353    ,-0.1817215    ,  2438.542    ,  24984.03    ,  25020.83    , -36.80655    ,-0.1471036    ,-0.1471036    
         0.350,              ,  0.000000    ,  0.000000    ,  2563.542    ,  0.000000    ,  2563.542    ,  0.000000    ,  2563.542    ,  2552.862    , -10.68009    ,-0.4166146    ,  2563.542    ,  27536.89    ,  27584.38    , -47.48664    ,-0.1721505    ,-0.1721505    
         0.367,              ,  0.000000    ,  0.000000    ,  2688.542    ,  0.000000    ,  2688.542    ,  0.000000    ,  2688.542    ,  2682.254    , -6.287418    ,-0.2338598    ,  2688.542    ,  30219.14    ,  30272.92    , -53.77406    ,-0.1776309    ,-0.1776309    
         0.383,              ,  0.000000    ,  0.000000    ,  2813.542    ,  0.000000    ,  2813.542    ,  0.000000    ,  2813.542    ,  2809.132    , -4.409635    ,-0.1567290    ,  2813.542    ,  33028.27    ,  33086.46    , -58.18370    ,-0.1758535    ,-0.1758535    
         0.400,              ,  0.000000    ,  0.000000    ,  2938.542    ,  0.000000    ,  2938.542    ,  0.000000    ,  2938.542    ,  2931.811    , -6.731151    ,-0.2290643    ,  2938.542    ,  35960.09    ,  36025.00    , -64.91485    ,-0.1801939    ,-0.1801939    
         0.417,              ,  0.000000    ,  0.000000    ,  3063.542    ,  0.000000    ,  3063.542    ,  0.000000    ,  3063.542    ,  3047.984    , -15.55740    ,-0.5078239    ,  3063.542    ,  39008.07    ,  39088.54    , -80.47224    ,-0.2058717    ,-0.2058717    
         0.433,              ,  0.000000    ,  0.000000    ,  3188.542    ,  0.000000    ,  3188.542    ,  0.000000    ,  3188.542    ,  3180.868    , -7.673208    ,-0.2406494    ,  3188.542    ,  42188.94    ,  42277.08    , -88.14545    ,-0.2084946    ,-0.2084946    
         0.450,              ,  0.000000    ,  0.000000    ,  3313.542    ,  0.000000    ,  3313.542    ,  0.000000    ,  3313.542    ,  3304.219    , -9.322866    ,-0.2813565    ,  3313.542    ,  45493.16    ,  45590.62    , -97.46832    ,-0.2137903    ,-0.2137903    
         0.467,              ,  0.000000    ,  0.000000    ,  3438.542    ,  0.000000    ,  3438.542    ,  0.000000    ,  3438.542    ,  3432.061    , -6.481075    ,-0.1884832    ,  3438.542    ,  48925.22    ,  49029.17    , -103.9494    ,-0.2120154    ,-0.2120154    
         0.483,              ,  0.000000    ,  0.000000    ,  3563.542    ,  0.000000    ,  3563.542    ,  0.000000    ,  3563.542    ,  3552.703    , -10.83888    ,-0.3041603    ,  3563.542    ,  52477.92    ,  52592.71    , -114.7883    ,-0.2182589    ,-0.2182589    
         0.500,              ,  0.000000    ,  0.000000    ,  3688.542    ,  0.000000    ,  3688.542    ,  0.000000    ,  3688.542    ,  3677.767    , -10.77446    ,-0.2921063    ,  3688.542    ,  56155.69    ,  56281.25    , -125.5627    ,-0.2230987    ,-0.2230987    
         0.517,              ,  0.000000    ,  0.000000    ,  3813.542    ,  0.000000    ,  3813.542    ,  0.000000    ,  3813.542    ,  3799.691    , -13.85090    ,-0.3632032    ,  3813.542    ,  59955.38    ,  60094.79    , -139.4136    ,-0.2319896    ,-0.2319896    
         0.533,              ,  0.000000    ,  0.000000    ,  3938.542    ,  0.000000    ,  3938.542    ,  0.000000    ,  3938.542    ,  3929.468    , -9.074038    ,-0.2303908    ,  3938.542    ,  63884.85    ,  64033.33    , -148.4877    ,-0.2318912    ,-0.2318912    
         0.550,              ,  0.000000    ,  0.000000    ,  4063.542    ,  0.000000    ,  4063.542    ,  0.000000    ,  4063.542    ,  4048.644    , -14.89737    ,-0.3666105    ,  4063.542    ,  67933.49    ,  68096.87    , -163.3850    ,-0.2399303    ,-0.2399303    
         0.567,              ,  0.000000    ,  0.000000    ,  4188.542    ,  0.000000    ,  4188.542    ,  0.000000    ,  4188.542    ,  4175.147    , -13.39467    ,-0.3197931    ,  4188.542    ,  72108.64    ,  72285.42    , -176.7797    ,-0.2445579    ,-0.2445579    
         0.583,              ,  0.000000    ,  0.000000    ,  4313.542    ,  0.000000    ,  4313.542    ,  0.000000    ,  4313.542    ,  4300.591    , -12.95036    ,-0.3002257    ,  4313.542    ,  76409.23    ,  76598.96    , -189.7301    ,-0.2476928    ,-0.2476928    
         0.600,              ,  0.000000    ,  0.000000    ,  4438.542    ,  0.000000    ,  4438.542    ,  0.000000    ,  4438.542    ,  4425.751    , -12.79070    ,-0.2881734    ,  4438.542    ,  80834.98    ,  81037.50    , -202.5208    ,-0.2499099    ,-0.2499099    
         0.617,              ,  0.000000    ,  0.000000    ,  4563.542    ,  0.000000    ,  4563.542    ,  0.000000    ,  4563.542    ,  4550.411    , -13.13035    ,-0.2877228    ,  4563.542    ,  85385.39    ,  85601.04    , -215.6511    ,-0.2519258    ,-0.2519258    
         0.633,              ,  0.000000    ,  0.000000    ,  4688.542    ,  0.000000    ,  4688.542    ,  0.000000    ,  4688.542    ,  4670.678    , -17.86402    ,-0.3810144    ,  4688.542    ,  90056.07    ,  90289.58    , -233.5151    ,-0.2586291    ,-0.2586291    
         0.650,              ,  0.000000    ,  0.000000    ,  4813.542    ,  0.000000    ,  4813.542    ,  0.000000    ,  4813.542    ,  4789.311    , -24.23069    ,-0.5033858    ,  4813.542    ,  94845.38    ,  95103.13    , -257.7458    ,-0.2710172    ,-0.2710172    
         0.667,              ,  0.000000    ,  0.000000    ,  4938.542    ,  0.000000    ,  4938.542    ,  0.000000    ,  4938.542    ,  4921.071    , -17.47047    ,-0.3537576    ,  4938.542    ,  99766.45    ,  100041.7    , -275.2163    ,-0.2751017    ,-0.2751017    
         0.683,              ,  0.000000    ,  0.000000    ,  5063.542    ,  0.000000    ,  5063.542    ,  0.000000    ,  5063.542    ,  5046.665    , -16.87690    ,-0.3333023    ,  5063.542    ,  104813.1    ,  105105.2    , -292.0932    ,-0.2779055    ,-0.2779055    
         0.700,              ,  0.000000    ,  0.000000    ,  5188.542    ,  0.000000    ,  5188.542    ,  0.000000    ,  5188.542    ,  5168.038    , -20.50394    ,-0.3951773    ,  5188.542    ,  109981.2    ,  110293.8    , -312.5971    ,-0.2834223    ,-0.2834223    
         0.717,              ,  0.000000    ,  0.000000    ,  5313.542    ,  0.000000    ,  5313.542    ,  0.000000    ,  5313.542    ,  5300.524    , -13.01758    ,-0.2449887    ,  5313.542    ,  115281.7    ,  115607.3    , -325.6147    ,-0.2816559    ,-0.2816559    
         0.733,              ,  0.000000    ,  0.000000    ,  5438.542    ,  0.000000    ,  5438.542    ,  0.000000    ,  5438.542    ,  5429.484    , -9.057657    ,-0.1665457    ,  5438.542    ,  120711.2    ,  121045.8    , -334.6724    ,-0.2764840    ,-0.2764840    
         0.750,              ,  0.000000    ,  0.000000    ,  5563.542    ,  0.000000    ,  5563.542    ,  0.000000    ,  5563.542    ,  5550.224    , -13.31744    ,-0.2393698    ,  5563.542    ,  126261.4    ,  126609.4    , -347.9898    ,-0.2748531    ,-0.2748531    
         0.767,              ,  0.000000    ,  525.3679    ,  5688.542    ,  0.000000    ,  5688.542    ,  525.3679    ,  5163.174    ,  5163.851    , 0.6773617    , 0.1090073E-01,  6213.910    ,  131425.2    ,  132823.3    , -347.3124    ,-0.2614846    ,-0.2614846    
         0.783,              ,  0.000000    ,  1287.975    ,  5813.542    ,  0.000000    ,  5813.542    ,  1287.975    ,  4525.567    ,  4527.012    ,  1.444993    , 0.2034767E-01,  7101.517    ,  135952.2    ,  139924.8    , -345.8674    ,-0.2471809    ,-0.2471809    
         0.800,              ,  0.000000    ,  1590.163    ,  5938.542    ,  0.000000    ,  5938.542    ,  1590.163    ,  4348.379    ,  4349.811    ,  1.432678    , 0.1902954E-01,  7528.705    ,  140302.1    ,  147453.5    , -344.4348    ,-0.2335887    ,-0.2335887    
         0.817,              ,  0.000000    ,  1926.646    ,  6063.542    ,  0.000000    ,  6063.542    ,  1926.646    ,  4136.895    ,  4132.596    , -4.299475    ,-0.5380943E-01,  7990.188    ,  144434.7    ,  155443.7    , -348.7342    ,-0.2243476    ,-0.2243476    
         0.833,              ,  0.000000    ,  1969.857    ,  6188.542    ,  0.000000    ,  6188.542    ,  1969.857    ,  4218.685    ,  4214.077    , -4.608505    ,-0.5648786E-01,  8158.398    ,  148648.7    ,  163602.1    , -353.3427    ,-0.2159769    ,-0.2159769    
         0.850,              ,  0.000000    ,  1920.486    ,  6313.542    ,  0.000000    ,  6313.542    ,  1920.486    ,  4393.055    ,  4385.198    , -7.856986    ,-0.9542093E-01,  8234.028    ,  153033.9    ,  171836.1    , -361.1997    ,-0.2102001    ,-0.2102001    
         0.867,              ,  0.000000    ,  1871.311    ,  6438.542    ,  0.000000    ,  6438.542    ,  1871.311    ,  4567.231    ,  4558.297    , -8.933786    ,-0.1075084    ,  8309.852    ,  157592.2    ,  180146.0    , -370.1335    ,-0.2054631    ,-0.2054631    
         0.883,              ,  0.000000    ,  1961.844    ,  6563.542    ,  0.000000    ,  6563.542    ,  1961.844    ,  4601.698    ,  4596.697    , -5.000985    ,-0.5865993E-01,  8525.386    ,  162188.9    ,  188671.4    , -375.1345    ,-0.1988296    ,-0.1988296    
         0.900,              ,  0.000000    ,  2140.204    ,  6688.542    ,  0.000000    ,  6688.542    ,  2140.204    ,  4548.338    ,  4549.506    ,  1.168154    , 0.1323126E-01,  8828.746    ,  166738.4    ,  197500.1    , -373.9663    ,-0.1893500    ,-0.1893500    
         0.917,              ,  0.000000    ,  2311.812    ,  6813.542    ,  0.000000    ,  6813.542    ,  2311.812    ,  4501.729    ,  4509.968    ,  8.238410    , 0.9028044E-01,  9125.354    ,  171248.4    ,  206625.5    , -365.7279    ,-0.1770004    ,-0.1770004    
         0.933,              ,  0.000000    ,  2417.884    ,  6938.542    ,  0.000000    ,  6938.542    ,  2417.884    ,  4520.658    ,  4528.626    ,  7.967752    , 0.8515808E-01,  9356.425    ,  175777.0    ,  215981.9    , -357.7602    ,-0.1656436    ,-0.1656436    
         0.950,              ,  0.000000    ,  2600.060    ,  7063.542    ,  0.000000    ,  7063.542    ,  2600.060    ,  4463.482    ,  4469.506    ,  6.024667    , 0.6234391E-01,  9663.602    ,  180246.5    ,  225645.5    , -351.7355    ,-0.1558797    ,-0.1558797    
         0.967,              ,  0.000000    ,  2720.626    ,  7188.542    ,  0.000000    ,  7188.542    ,  2720.626    ,  4467.916    ,  4472.228    ,  4.311910    , 0.4351435E-01,  9909.167    ,  184718.8    ,  235554.7    , -347.4236    ,-0.1474917    ,-0.1474917    
         0.983,              ,  0.000000    ,  2818.602    ,  7313.542    ,  0.000000    ,  7313.542    ,  2818.602    ,  4494.940    ,  4498.714    ,  3.774895    , 0.3725663E-01,  10132.14    ,  189217.5    ,  245686.8    , -343.6487    ,-0.1398727    ,-0.1398727    
         1.000,              ,  0.000000    ,  2816.319    ,  7438.542    ,  0.000000    ,  7438.542    ,  2816.319    ,  4622.223    ,  4624.835    ,  2.611861    , 0.2546950E-01,  10254.86    ,  193842.3    ,  255941.7    , -341.0369    ,-0.1332479    ,-0.1332479    
         1.017,              ,  0.000000    ,  2791.375    ,  7563.542    ,  0.000000    ,  7563.542    ,  2791.375    ,  4772.167    ,  4774.517    ,  2.350146    , 0.2269594E-01,  10354.92    ,  198616.8    ,  266296.6    , -338.6867    ,-0.1271840    ,-0.1271840    
         1.033,              ,  0.000000    ,  2873.490    ,  7688.542    ,  0.000000    ,  7688.542    ,  2873.490    ,  4815.052    ,  4816.142    ,  1.090806    , 0.1032761E-01,  10562.03    ,  203433.0    ,  276858.6    , -337.5959    ,-0.1219380    ,-0.1219380    
         1.050,              ,  0.000000    ,  3006.161    ,  7813.542    ,  0.000000    ,  7813.542    ,  3006.161    ,  4807.380    ,  4808.987    ,  1.606329    , 0.1484633E-01,  10819.70    ,  208242.0    ,  287678.3    , -335.9896    ,-0.1167935    ,-0.1167935    
         1.067,              ,  0.000000    ,  3171.794    ,  7938.542    ,  0.000000    ,  7938.542    ,  3171.794    ,  4766.748    ,  4765.362    , -1.386079    ,-0.1247558E-01,  11110.34    ,  213007.3    ,  298788.6    , -337.3757    ,-0.1129145    ,-0.1129145    
         1.083,              ,  0.000000    ,  3133.297    ,  8063.542    ,  0.000000    ,  8063.542    ,  3133.297    ,  4930.244    ,  4929.082    , -1.162040    ,-0.1037829E-01,  11196.84    ,  217936.4    ,  309985.5    , -338.5377    ,-0.1092108    ,-0.1092108    
         1.100,              ,  0.000000    ,  3092.767    ,  8188.542    ,  0.000000    ,  8188.542    ,  3092.767    ,  5095.775    ,  5098.576    ,  2.801286    , 0.2483121E-01,  11281.31    ,  223035.0    ,  321266.8    , -335.7364    ,-0.1045039    ,-0.1045039    
         1.117,              ,  0.000000    ,  3270.270    ,  8313.542    ,  0.000000    ,  8313.542    ,  3270.270    ,  5043.271    ,  5045.993    ,  2.721396    , 0.2349310E-01,  11583.81    ,  228081.0    ,  332850.6    , -333.0150    ,-0.1000494    ,-0.1000494    
         1.133,              ,  0.000000    ,  3439.190    ,  8438.542    ,  0.000000    ,  8438.542    ,  3439.190    ,  4999.352    ,  5000.646    ,  1.294117    , 0.1089532E-01,  11877.73    ,  233081.6    ,  344728.3    , -331.7209    ,-0.9622676E-01,-0.9622676E-01
         1.150,              ,  0.000000    ,  3505.594    ,  8563.542    ,  0.000000    ,  8563.542    ,  3505.594    ,  5057.948    ,  5056.514    , -1.433377    ,-0.1187638E-01,  12069.14    ,  238138.1    ,  356797.5    , -333.1543    ,-0.9337350E-01,-0.9337350E-01
         1.167,              ,  0.000000    ,  3487.435    ,  8688.542    ,  0.000000    ,  8688.542    ,  3487.435    ,  5201.107    ,  5200.023    , -1.083634    ,-0.8899767E-02,  12175.98    ,  243338.1    ,  368973.4    , -334.2379    ,-0.9058590E-01,-0.9058590E-01
         1.183,              ,  0.000000    ,  3435.782    ,  8813.542    ,  0.000000    ,  8813.542    ,  3435.782    ,  5377.760    ,  5377.423    ,-0.3365321    ,-0.2747353E-02,  12249.32    ,  248715.6    ,  381222.8    , -334.5744    ,-0.8776350E-01,-0.8776350E-01
         1.200,              ,  0.000000    ,  3563.965    ,  8938.542    ,  0.000000    ,  8938.542    ,  3563.965    ,  5374.577    ,  5374.369    ,-0.2074044    ,-0.1658903E-02,  12502.51    ,  254089.9    ,  393725.3    , -334.7818    ,-0.8502930E-01,-0.8502930E-01
         1.217,              ,  0.000000    ,  3582.608    ,  9063.542    ,  0.000000    ,  9063.542    ,  3582.608    ,  5480.934    ,  5478.191    , -2.743309    ,-0.2169284E-01,  12646.15    ,  259568.1    ,  406371.4    , -337.5251    ,-0.8305829E-01,-0.8305829E-01
         1.233,              ,  0.000000    ,  3673.108    ,  9188.542    ,  0.000000    ,  9188.542    ,  3673.108    ,  5515.434    ,  5515.586    , 0.1517472    , 0.1179842E-02,  12861.65    ,  265083.7    ,  419233.1    , -337.3734    ,-0.8047395E-01,-0.8047395E-01
         1.250,              ,  0.000000    ,  3801.764    ,  9313.542    ,  0.000000    ,  9313.542    ,  3801.764    ,  5511.778    ,  5513.054    ,  1.276362    , 0.9731855E-02,  13115.31    ,  270596.8    ,  432348.4    , -336.0970    ,-0.7773755E-01,-0.7773755E-01
         1.267,              ,  0.000000    ,  3859.083    ,  9438.542    ,  0.000000    ,  9438.542    ,  3859.083    ,  5579.458    ,  5579.883    , 0.4244331    , 0.3191796E-02,  13297.62    ,  276176.7    ,  445646.0    , -335.6726    ,-0.7532270E-01,-0.7532270E-01
         1.283,              ,  0.000000    ,  3783.729    ,  9563.542    ,  0.000000    ,  9563.542    ,  3783.729    ,  5779.813    ,  5782.174    ,  2.361403    , 0.1769203E-01,  13347.27    ,  281958.8    ,  458993.3    , -333.3112    ,-0.7261788E-01,-0.7261788E-01
         1.300,              ,  0.000000    ,  3895.496    ,  9688.542    ,  0.000000    ,  9688.542    ,  3895.496    ,  5793.046    ,  5794.275    ,  1.229651    , 0.9052175E-02,  13584.04    ,  287753.1    ,  472577.3    , -332.0816    ,-0.7027031E-01,-0.7027031E-01
         1.317,              ,  0.000000    ,  3948.012    ,  9813.542    ,  0.000000    ,  9813.542    ,  3948.012    ,  5865.529    ,  5865.250    ,-0.2793867    ,-0.2030197E-02,  13761.55    ,  293618.4    ,  486338.9    , -332.3609    ,-0.6833937E-01,-0.6833937E-01
         1.333,              ,  0.000000    ,  4030.790    ,  9938.542    ,  0.000000    ,  9938.542    ,  4030.790    ,  5907.751    ,  5906.171    , -1.580621    ,-0.1131494E-01,  13969.33    ,  299524.5    ,  500308.2    , -333.9416    ,-0.6674717E-01,-0.6674717E-01
         1.350,              ,  0.000000    ,  4036.327    ,  10063.54    ,  0.000000    ,  10063.54    ,  4036.327    ,  6027.215    ,  6028.240    ,  1.024972    , 0.7269374E-02,  14099.87    ,  305552.8    ,  514408.1    , -332.9166    ,-0.6471838E-01,-0.6471838E-01
         1.367,              ,  0.000000    ,  4378.002    ,  10188.54    ,  0.000000    ,  10188.54    ,  4378.002    ,  5810.540    ,  5819.279    ,  8.739353    , 0.5999607E-01,  14566.54    ,  311372.0    ,  528974.6    , -324.1772    ,-0.6128408E-01,-0.6128408E-01
         1.383,              ,  0.000000    ,  5218.296    ,  10313.54    ,  0.000000    ,  10313.54    ,  5218.296    ,  5095.246    ,  5105.799    ,  10.55364    , 0.6794840E-01,  15531.84    ,  316477.8    ,  544506.5    , -313.6236    ,-0.5759777E-01,-0.5759777E-01
         1.400,              ,  0.000000    ,  5522.251    ,  10438.54    ,  0.000000    ,  10438.54    ,  5522.251    ,  4916.291    ,  4925.320    ,  9.028947    , 0.5656954E-01,  15960.79    ,  321403.2    ,  560467.2    , -304.5947    ,-0.5434656E-01,-0.5434656E-01
         1.417,              ,  0.000000    ,  5680.743    ,  10563.54    ,  0.000000    ,  10563.54    ,  5680.743    ,  4882.799    ,  4889.212    ,  6.413545    , 0.3948185E-01,  16244.28    ,  326292.4    ,  576711.5    , -298.1811    ,-0.5170368E-01,-0.5170368E-01
         1.433,              ,  0.000000    ,  5766.080    ,  10688.54    ,  0.000000    ,  10688.54    ,  5766.080    ,  4922.462    ,  4931.086    ,  8.623777    , 0.5240945E-01,  16454.62    ,  331223.5    ,  593166.1    , -289.5573    ,-0.4881555E-01,-0.4881555E-01
         1.450,              ,  0.000000    ,  6080.760    ,  10813.54    ,  0.000000    ,  10813.54    ,  6080.760    ,  4732.781    ,  4741.930    ,  9.148788    , 0.5415310E-01,  16894.30    ,  335965.4    ,  610060.5    , -280.4085    ,-0.4596406E-01,-0.4596406E-01
         1.467,              ,  0.000000    ,  6372.310    ,  10938.54    ,  0.000000    ,  10938.54    ,  6372.310    ,  4566.232    ,  4575.335    ,  9.102895    , 0.5258491E-01,  17310.85    ,  340540.7    ,  627371.3    , -271.3056    ,-0.4324483E-01,-0.4324483E-01
         1.483,              ,  0.000000    ,  6490.830    ,  11063.54    ,  0.000000    ,  11063.54    ,  6490.830    ,  4572.711    ,  4579.881    ,  7.169573    , 0.4084209E-01,  17554.37    ,  345120.6    ,  644925.7    , -264.1361    ,-0.4095605E-01,-0.4095605E-01
         1.500,              ,  0.000000    ,  6640.095    ,  11188.54    ,  0.000000    ,  11188.54    ,  6640.095    ,  4548.447    ,  4560.996    ,  12.54907    , 0.7038713E-01,  17828.64    ,  349681.6    ,  662754.3    , -251.5870    ,-0.3796083E-01,-0.3796083E-01
         1.517,              ,  0.000000    ,  6885.144    ,  11313.54    ,  0.000000    ,  11313.54    ,  6885.144    ,  4428.397    ,  4442.265    ,  13.86793    , 0.7620291E-01,  18198.69    ,  354123.9    ,  680953.0    , -237.7191    ,-0.3490976E-01,-0.3490976E-01
         1.533,              ,  0.000000    ,  7095.620    ,  11438.54    ,  0.000000    ,  11438.54    ,  7095.620    ,  4342.922    ,  4357.717    ,  14.79590    , 0.7983043E-01,  18534.16    ,  358481.6    ,  699487.2    , -222.9232    ,-0.3186952E-01,-0.3186952E-01
         1.550,              ,  0.000000    ,  7220.088    ,  11563.54    ,  0.000000    ,  11563.54    ,  7220.088    ,  4343.454    ,  4356.902    ,  13.44846    , 0.7159673E-01,  18783.63    ,  362838.5    ,  718270.8    , -209.4747    ,-0.2916375E-01,-0.2916375E-01
         1.567,              ,  0.000000    ,  7263.331    ,  11688.54    ,  0.000000    ,  11688.54    ,  7263.331    ,  4425.211    ,  4440.657    ,  15.44582    , 0.8150021E-01,  18951.87    ,  367279.1    ,  737222.7    , -194.0289    ,-0.2631890E-01,-0.2631890E-01
         1.583,              ,  0.000000    ,  7493.468    ,  11813.54    ,  0.000000    ,  11813.54    ,  7493.468    ,  4320.073    ,  4336.787    ,  16.71397    , 0.8656943E-01,  19307.01    ,  371615.9    ,  756529.7    , -177.3149    ,-0.2343793E-01,-0.2343793E-01
         1.600,              ,  0.000000    ,  7720.787    ,  11938.54    ,  0.000000    ,  11938.54    ,  7720.787    ,  4217.755    ,  4234.513    ,  16.75805    , 0.8524223E-01,  19659.33    ,  375850.4    ,  776189.0    , -160.5569    ,-0.2068528E-01,-0.2068528E-01
         1.617,              ,  0.000000    ,  7858.669    ,  12063.54    ,  0.000000    ,  12063.54    ,  7858.669    ,  4204.873    ,  4221.764    ,  16.89077    , 0.8478362E-01,  19922.21    ,  380072.2    ,  796111.2    , -143.6661    ,-0.1804598E-01,-0.1804598E-01
         1.633,              ,  0.000000    ,  7990.559    ,  12188.54    ,  0.000000    ,  12188.54    ,  7990.559    ,  4197.982    ,  4215.455    ,  17.47241    , 0.8658665E-01,  20179.10    ,  384287.7    ,  816290.3    , -126.1937    ,-0.1545941E-01,-0.1545941E-01
         1.650,              ,  0.000000    ,  8097.942    ,  12313.54    ,  0.000000    ,  12313.54    ,  8097.942    ,  4215.600    ,  4232.198    ,  16.59877    , 0.8132073E-01,  20411.48    ,  388519.9    ,  836701.8    , -109.5949    ,-0.1309845E-01,-0.1309845E-01
         1.667,              ,  0.000000    ,  8121.956    ,  12438.54    ,  0.000000    ,  12438.54    ,  8121.956    ,  4316.586    ,  4333.178    ,  16.59223    , 0.8069956E-01,  20560.50    ,  392853.0    ,  857262.3    , -93.00270    ,-0.1084880E-01,-0.1084880E-01
         1.683,              ,  0.000000    ,  8199.444    ,  12563.54    ,  0.000000    ,  12563.54    ,  8199.444    ,  4364.097    ,  4382.039    ,  17.94171    , 0.8641198E-01,  20762.99    ,  397235.1    ,  878025.3    , -75.06100    ,-0.8548842E-02,-0.8548842E-02
         1.700,              ,  0.000000    ,  8044.899    ,  12688.54    ,  0.000000    ,  12688.54    ,  8044.899    ,  4643.642    ,  4656.485    ,  12.84236    , 0.6194031E-01,  20733.44    ,  401891.6    ,  898758.7    , -62.21864    ,-0.6922730E-02,-0.6922730E-02
         1.717,              ,  0.000000    ,  7910.496    ,  12813.54    ,  0.000000    ,  12813.54    ,  7910.496    ,  4903.046    ,  4918.311    ,  15.26544    , 0.7366054E-01,  20724.04    ,  406809.9    ,  919482.8    , -46.95320    ,-0.5106480E-02,-0.5106480E-02
         1.733,              ,  0.000000    ,  8158.688    ,  12938.54    ,  0.000000    ,  12938.54    ,  8158.688    ,  4779.854    ,  4798.283    ,  18.42923    , 0.8735379E-01,  21097.23    ,  411608.2    ,  940580.0    , -28.52397    ,-0.3032594E-02,-0.3032594E-02
         1.750,              ,  0.000000    ,  8389.141    ,  13063.54    ,  0.000000    ,  13063.54    ,  8389.141    ,  4674.401    ,  4693.911    ,  19.51038    , 0.9094612E-01,  21452.68    ,  416302.1    ,  962032.7    , -9.013589    ,-0.9369317E-03,-0.9369317E-03
         1.767,              ,  0.000000    ,  8653.803    ,  13188.54    ,  0.000000    ,  13188.54    ,  8653.803    ,  4534.738    ,  4554.124    ,  19.38604    , 0.8875439E-01,  21842.35    ,  420856.2    ,  983875.0    ,  10.37245    , 0.1054245E-02, 0.1054245E-02
         1.783,              ,  0.000000    ,  8814.610    ,  13313.54    ,  0.000000    ,  13313.54    ,  8814.610    ,  4498.932    ,  4520.594    ,  21.66223    , 0.9789446E-01,  22128.15    ,  425376.8    ,  1006003.    ,  32.03469    , 0.3184352E-02, 0.3184352E-02
         1.800,              ,  0.000000    ,  9011.591    ,  13438.54    ,  0.000000    ,  13438.54    ,  9011.591    ,  4426.951    ,  4449.824    ,  22.87346    , 0.1018857    ,  22450.13    ,  429826.6    ,  1028453.    ,  54.90815    , 0.5338905E-02, 0.5338905E-02
         1.817,              ,  0.000000    ,  9306.034    ,  13563.54    ,  0.000000    ,  13563.54    ,  9306.034    ,  4257.507    ,  4282.892    ,  25.38443    , 0.1109965    ,  22869.58    ,  434109.5    ,  1051323.    ,  80.29258    , 0.7637290E-02, 0.7637290E-02
         1.833,              ,  0.000000    ,  9347.503    ,  13688.54    ,  0.000000    ,  13688.54    ,  9347.503    ,  4341.039    ,  4364.491    ,  23.45162    , 0.1018040    ,  23036.04    ,  438474.0    ,  1074359.    ,  103.7442    , 0.9656382E-02, 0.9656382E-02
         1.850,              ,  0.000000    ,  9367.335    ,  13813.54    ,  0.000000    ,  13813.54    ,  9367.335    ,  4446.206    ,  4471.771    ,  25.56497    , 0.1102848    ,  23180.88    ,  442945.8    ,  1097540.    ,  129.3092    , 0.1178173E-01, 0.1178173E-01
         1.867,              ,  0.000000    ,  9630.308    ,  13938.54    ,  0.000000    ,  13938.54    ,  9630.308    ,  4308.234    ,  4337.013    ,  28.77893    , 0.1221058    ,  23568.85    ,  447282.8    ,  1121109.    ,  158.0881    , 0.1410105E-01, 0.1410105E-01
         1.883,              ,  0.000000    ,  9862.341    ,  14063.54    ,  0.000000    ,  14063.54    ,  9862.341    ,  4201.201    ,  4231.098    ,  29.89745    , 0.1249586    ,  23925.88    ,  451513.9    ,  1145035.    ,  187.9856    , 0.1641746E-01, 0.1641746E-01
         1.900,              ,  0.000000    ,  10036.21    ,  14188.54    ,  0.000000    ,  14188.54    ,  10036.21    ,  4152.330    ,  4182.279    ,  29.94911    , 0.1236302    ,  24224.75    ,  455696.2    ,  1169259.    ,  217.9347    , 0.1863869E-01, 0.1863869E-01
         1.917,              ,  0.000000    ,  9851.229    ,  14313.54    ,  0.000000    ,  14313.54    ,  9851.229    ,  4462.312    ,  4487.922    ,  25.61001    , 0.1059808    ,  24164.77    ,  460184.1    ,  1193424.    ,  243.5447    , 0.2040722E-01, 0.2040722E-01
         1.933,              ,  0.000000    ,  10283.18    ,  14438.54    ,  0.000000    ,  14438.54    ,  10283.18    ,  4155.367    ,  4186.169    ,  30.80221    , 0.1245958    ,  24721.72    ,  464370.2    ,  1218146.    ,  274.3469    , 0.2252168E-01, 0.2252168E-01
         1.950,              ,  0.000000    ,  10423.56    ,  14563.54    ,  0.000000    ,  14563.54    ,  10423.56    ,  4139.982    ,  4166.780    ,  26.79737    , 0.1072448    ,  24987.10    ,  468537.0    ,  1243133.    ,  301.1442    , 0.2422462E-01, 0.2422462E-01
         1.967,              ,  0.000000    ,  10435.64    ,  14688.54    ,  0.000000    ,  14688.54    ,  10435.64    ,  4252.901    ,  4280.429    ,  27.52818    , 0.1095685    ,  25124.18    ,  472817.5    ,  1268257.    ,  328.6724    , 0.2591528E-01, 0.2591528E-01
         1.983,              ,  0.000000    ,  10575.78    ,  14813.54    ,  0.000000    ,  14813.54    ,  10575.78    ,  4237.765    ,  4266.119    ,  28.35425    , 0.1116779    ,  25389.32    ,  477083.6    ,  1293646.    ,  357.0267    , 0.2759848E-01, 0.2759848E-01
         2.000,              ,  0.000000    ,  10742.39    ,  14938.54    ,  0.000000    ,  14938.54    ,  10742.39    ,  4196.152    ,  4224.138    ,  27.98656    , 0.1089780    ,  25680.93    ,  481307.7    ,  1319327.    ,  385.0132    , 0.2918254E-01, 0.2918254E-01
         2.017,              ,  0.000000    ,  10820.94    ,  14968.23    ,  0.000000    ,  14968.23    ,  10820.94    ,  4147.288    ,  4174.680    ,  27.39195    , 0.1062149    ,  25789.17    ,  485482.4    ,  1345116.    ,  412.4052    , 0.3065944E-01, 0.3065944E-01
         2.033,              ,  0.000000    ,  10875.86    ,  14905.73    ,  0.000000    ,  14905.73    ,  10875.86    ,  4029.874    ,  4056.439    ,  26.56538    , 0.1030401    ,  25781.58    ,  489538.8    ,  1370898.    ,  438.9706    , 0.3202066E-01, 0.3202066E-01
         2.050,              ,  0.000000    ,  10887.64    ,  14843.23    ,  0.000000    ,  14843.23    ,  10887.64    ,  3955.593    ,  3983.340    ,  27.74665    , 0.1078341    ,  25730.87    ,  493522.2    ,  1396629.    ,  466.7172    , 0.3341741E-01, 0.3341741E-01
         2.067,              ,  0.000000    ,  11069.22    ,  14780.73    ,  0.000000    ,  14780.73    ,  11069.22    ,  3711.506    ,  3740.732    ,  29.22572    , 0.1130591    ,  25849.95    ,  497262.9    ,  1422479.    ,  495.9429    , 0.3486470E-01, 0.3486470E-01
         2.083,              ,  0.000000    ,  11227.71    ,  14718.23    ,  0.000000    ,  14718.23    ,  11227.71    ,  3490.524    ,  3519.463    ,  28.93901    , 0.1115358    ,  25945.93    ,  500782.4    ,  1448425.    ,  524.8819    , 0.3623812E-01, 0.3623812E-01
         2.100,              ,  0.000000    ,  11293.77    ,  14655.73    ,  0.000000    ,  14655.73    ,  11293.77    ,  3361.955    ,  3389.720    ,  27.76544    , 0.1069980    ,  25949.50    ,  504172.1    ,  1474374.    ,  552.6474    , 0.3748352E-01, 0.3748352E-01
         2.117,              ,  0.000000    ,  11207.58    ,  14593.23    ,  0.000000    ,  14593.23    ,  11207.58    ,  3385.653    ,  3413.905    ,  28.25229    , 0.1095016    ,  25800.81    ,  507586.0    ,  1500175.    ,  580.8997    , 0.3872212E-01, 0.3872212E-01
         2.133,              ,  0.000000    ,  11367.74    ,  14530.73    ,  0.000000    ,  14530.73    ,  11367.74    ,  3162.992    ,  3192.633    ,  29.64082    , 0.1144501    ,  25898.47    ,  510778.6    ,  1526074.    ,  610.5405    , 0.4000728E-01, 0.4000728E-01
         2.150,              ,  0.000000    ,  11521.58    ,  14468.23    ,  0.000000    ,  14468.23    ,  11521.58    ,  2946.649    ,  2974.581    ,  27.93162    , 0.1074714    ,  25989.81    ,  513753.2    ,  1552063.    ,  638.4721    , 0.4113699E-01, 0.4113699E-01
         2.167,              ,  0.000000    ,  11637.88    ,  14405.73    ,  0.000000    ,  14405.73    ,  11637.88    ,  2767.847    ,  2798.576    ,  30.72939    , 0.1179920    ,  26043.61    ,  516551.8    ,  1578107.    ,  669.2015    , 0.4240533E-01, 0.4240533E-01
         2.183,              ,  0.000000    ,  11837.33    ,  14343.23    ,  0.000000    ,  14343.23    ,  11837.33    ,  2505.895    ,  2536.376    ,  30.48045    , 0.1164240    ,  26180.56    ,  519088.2    ,  1604288.    ,  699.6819    , 0.4361325E-01, 0.4361325E-01
         2.200,              ,  0.000000    ,  11930.34    ,  14280.73    ,  0.000000    ,  14280.73    ,  11930.34    ,  2350.385    ,  2379.497    ,  29.11244    , 0.1110693    ,  26211.07    ,  521467.7    ,  1630499.    ,  728.7944    , 0.4469764E-01, 0.4469764E-01
         2.217,              ,  0.000000    ,  12053.44    ,  14218.23    ,  0.000000    ,  14218.23    ,  12053.44    ,  2164.792    ,  2196.468    ,  31.67540    , 0.1205687    ,  26271.67    ,  523664.1    ,  1656770.    ,  760.4698    , 0.4590074E-01, 0.4590074E-01
         2.233,              ,  0.000000    ,  12203.15    ,  14155.73    ,  0.000000    ,  14155.73    ,  12203.15    ,  1952.576    ,  1983.549    ,  30.97365    , 0.1175075    ,  26358.88    ,  525647.7    ,  1683129.    ,  791.4434    , 0.4702214E-01, 0.4702214E-01
         2.250,              ,  0.000000    ,  12269.66    ,  14093.23    ,  0.000000    ,  14093.23    ,  12269.66    ,  1823.571    ,  1853.985    ,  30.41395    , 0.1153665    ,  26362.89    ,  527501.7    ,  1709492.    ,  821.8574    , 0.4807612E-01, 0.4807612E-01
         2.267,              ,  0.000000    ,  12405.13    ,  14030.73    ,  0.000000    ,  14030.73    ,  12405.13    ,  1625.600    ,  1657.817    ,  32.21771    , 0.1218712    ,  26435.86    ,  529159.5    ,  1735928.    ,  854.0751    , 0.4919992E-01, 0.4919992E-01
         2.283,              ,  0.000000    ,  12513.85    ,  13968.23    ,  0.000000    ,  13968.23    ,  12513.85    ,  1454.379    ,  1485.808    ,  31.42896    , 0.1186801    ,  26482.08    ,  530645.3    ,  1762410.    ,  885.5041    , 0.5024393E-01, 0.5024393E-01
         2.300,              ,  0.000000    ,  12566.27    ,  13905.73    ,  0.000000    ,  13905.73    ,  12566.27    ,  1339.463    ,  1372.412    ,  32.94881    , 0.1244667    ,  26472.00    ,  532017.7    ,  1788882.    ,  918.4529    , 0.5134228E-01, 0.5134228E-01
         2.317,              ,  0.000000    ,  12355.61    ,  13843.23    ,  0.000000    ,  13843.23    ,  12355.61    ,  1487.615    ,  1514.374    ,  26.75957    , 0.1021403    ,  26198.84    ,  533532.1    ,  1815081.    ,  945.2125    , 0.5207550E-01, 0.5207550E-01
         2.333,              ,  0.000000    ,  12375.61    ,  13780.73    ,  0.000000    ,  13780.73    ,  12375.61    ,  1405.121    ,  1437.900    ,  32.77897    , 0.1253194    ,  26156.34    ,  534970.0    ,  1841237.    ,  977.9914    , 0.5311599E-01, 0.5311599E-01
         2.350,              ,  0.000000    ,  12739.22    ,  13718.23    ,  0.000000    ,  13718.23    ,  12739.22    ,  979.0048    ,  1012.170    ,  33.16520    , 0.1253530    ,  26457.45    ,  535982.1    ,  1867695.    ,  1011.157    , 0.5413929E-01, 0.5413929E-01
         2.367,              ,  0.000000    ,  12781.79    ,  13655.73    ,  0.000000    ,  13655.73    ,  12781.79    ,  873.9381    ,  904.3735    ,  30.43544    , 0.1151222    ,  26437.52    ,  536886.5    ,  1894132.    ,  1041.592    , 0.5499046E-01, 0.5499046E-01
         2.383,              ,  0.000000    ,  12822.76    ,  13593.23    ,  0.000000    ,  13593.23    ,  12822.76    ,  770.4710    ,  801.8287    ,  31.35778    , 0.1187076    ,  26415.99    ,  537688.3    ,  1920548.    ,  1072.950    , 0.5586685E-01, 0.5586685E-01
         2.400,              ,  0.000000    ,  12897.38    ,  13530.73    ,  0.000000    ,  13530.73    ,  12897.38    ,  633.3451    ,  665.2854    ,  31.94030    , 0.1208573    ,  26428.11    ,  538353.6    ,  1946976.    ,  1104.890    , 0.5674903E-01, 0.5674903E-01
         2.417,              ,  0.000000    ,  12959.50    ,  13468.23    ,  0.000000    ,  13468.23    ,  12959.50    ,  508.7247    ,  540.5030    ,  31.77832    , 0.1202461    ,  26427.73    ,  538894.1    ,  1973404.    ,  1136.668    , 0.5759938E-01, 0.5759938E-01
         2.433,              ,  0.000000    ,  13003.42    ,  13405.73    ,  0.000000    ,  13405.73    ,  13003.42    ,  402.3077    ,  433.9735    ,  31.66577    , 0.1199045    ,  26409.15    ,  539328.1    ,  1999813.    ,  1168.334    , 0.5842217E-01, 0.5842217E-01
         2.450,              ,  0.000000    ,  13031.96    ,  13343.23    ,  0.000000    ,  13343.23    ,  13031.96    ,  311.2673    ,  343.0294    ,  31.76210    , 0.1204242    ,  26375.19    ,  539671.1    ,  2026188.    ,  1200.096    , 0.5922926E-01, 0.5922926E-01
         2.467,              ,  0.000000    ,  13068.83    ,  13280.73    ,  0.000000    ,  13280.73    ,  13068.83    ,  211.9014    ,  243.7347    ,  31.83328    , 0.1208114    ,  26349.56    ,  539914.9    ,  2052538.    ,  1231.930    , 0.6001982E-01, 0.6001982E-01
         2.483,              ,  0.000000    ,  13112.68    ,  13218.23    ,  0.000000    ,  13218.23    ,  13112.68    ,  105.5514    ,  137.4743    ,  31.92285    , 0.1212372    ,  26330.91    ,  540052.3    ,  2078869.    ,  1263.852    , 0.6079520E-01, 0.6079520E-01
         2.500,              ,  0.000000    ,  13154.03    ,  13155.73    ,  0.000000    ,  13155.73    ,  13154.03    ,  1.704086    ,  33.75397    ,  32.04988    , 0.1218175    ,  26309.75    ,  540086.1    ,  2105179.    ,  1295.902    , 0.6155784E-01, 0.6155784E-01
         2.517,              ,  0.000000    ,  13154.71    ,  13093.23    ,  0.000000    ,  13093.23    ,  13154.71    , -61.48313    , -29.83827    ,  31.64486    , 0.1205613    ,  26247.94    ,  540056.3    ,  2131427.    ,  1327.547    , 0.6228445E-01, 0.6228445E-01
         2.533,              ,  0.000000    ,  13189.53    ,  13030.73    ,  0.000000    ,  13030.73    ,  13189.53    , -158.8055    , -126.5506    ,  32.25491    , 0.1230152    ,  26220.26    ,  539929.7    ,  2157647.    ,  1359.802    , 0.6302246E-01, 0.6302246E-01
         2.550,              ,  0.000000    ,  13237.28    ,  12968.23    ,  0.000000    ,  12968.23    ,  13237.28    , -269.0464    , -236.8637    ,  32.18265    , 0.1228087    ,  26205.50    ,  539692.8    ,  2183852.    ,  1391.985    , 0.6373988E-01, 0.6373988E-01
         2.567,              ,  0.000000    ,  13248.60    ,  12905.73    ,  0.000000    ,  12905.73    ,  13248.60    , -342.8685    , -311.1271    ,  31.74133    , 0.1213617    ,  26154.33    ,  539381.7    ,  2210007.    ,  1423.726    , 0.6442180E-01, 0.6442180E-01
         2.583,              ,  0.000000    ,  13255.52    ,  12843.23    ,  0.000000    ,  12843.23    ,  13255.52    , -412.2933    , -379.8882    ,  32.40515    , 0.1241636    ,  26098.75    ,  539001.8    ,  2236105.    ,  1456.131    , 0.6511908E-01, 0.6511908E-01
         2.600,              ,  0.000000    ,  13304.26    ,  12780.73    ,  0.000000    ,  12780.73    ,  13304.26    , -523.5356    , -490.6556    ,  32.88006    , 0.1260497    ,  26084.99    ,  538511.2    ,  2262190.    ,  1489.011    , 0.6582166E-01, 0.6582166E-01
         2.617,              ,  0.000000    ,  13371.73    ,  12718.23    ,  0.000000    ,  12718.23    ,  13371.73    , -653.4989    , -620.6530    ,  32.84597    , 0.1258951    ,  26089.96    ,  537890.5    ,  2288280.    ,  1521.857    , 0.6650659E-01, 0.6650659E-01
         2.633,              ,  0.000000    ,  13406.05    ,  12655.73    ,  0.000000    ,  12655.73    ,  13406.05    , -750.3201    , -717.5464    ,  32.77366    , 0.1257537    ,  26061.78    ,  537173.0    ,  2314342.    ,  1554.631    , 0.6717377E-01, 0.6717377E-01
         2.650,              ,  0.000000    ,  13426.01    ,  12593.23    ,  0.000000    ,  12593.23    ,  13426.01    , -832.7857    , -800.1035    ,  32.68222    , 0.1256079    ,  26019.24    ,  536372.9    ,  2340361.    ,  1587.313    , 0.6782342E-01, 0.6782342E-01
         2.667,              ,  0.000000    ,  13433.96    ,  12530.73    ,  0.000000    ,  12530.73    ,  13433.96    , -903.2347    , -870.4476    ,  32.78700    , 0.1262753    ,  25964.69    ,  535502.4    ,  2366326.    ,  1620.100    , 0.6846479E-01, 0.6846479E-01
         2.683,              ,  0.000000    ,  13445.87    ,  12468.23    ,  0.000000    ,  12468.23    ,  13445.87    , -977.6447    , -944.6136    ,  33.03115    , 0.1274640    ,  25914.10    ,  534557.8    ,  2392240.    ,  1653.131    , 0.6910390E-01, 0.6910390E-01
         2.700,              ,  0.000000    ,  13456.94    ,  12405.73    ,  0.000000    ,  12405.73    ,  13456.94    , -1051.207    , -1018.057    ,  33.15013    , 0.1281775    ,  25862.67    ,  533539.7    ,  2418103.    ,  1686.281    , 0.6973572E-01, 0.6973572E-01
         2.717,              ,  0.000000    ,  13473.55    ,  12343.23    ,  0.000000    ,  12343.23    ,  13473.55    , -1130.320    , -1097.467    ,  32.85288    , 0.1272540    ,  25816.78    ,  532442.3    ,  2443920.    ,  1719.134    , 0.7034333E-01, 0.7034333E-01
         2.733,              ,  0.000000    ,  13485.29    ,  12280.73    ,  0.000000    ,  12280.73    ,  13485.29    , -1204.556    , -1171.053    ,  33.50348    , 0.1300297    ,  25766.01    ,  531271.2    ,  2469686.    ,  1752.638    , 0.7096603E-01, 0.7096603E-01
         2.750,              ,  0.000000    ,  13488.37    ,  12218.23    ,  0.000000    ,  12218.23    ,  13488.37    , -1270.143    , -1236.317    ,  33.82568    , 0.1315836    ,  25706.60    ,  530034.9    ,  2495392.    ,  1786.463    , 0.7159049E-01, 0.7159049E-01
         2.767,              ,  0.000000    ,  13483.47    ,  12155.73    ,  0.000000    ,  12155.73    ,  13483.47    , -1327.738    , -1294.156    ,  33.58169    , 0.1309779    ,  25639.20    ,  528740.8    ,  2521031.    ,  1820.045    , 0.7219447E-01, 0.7219447E-01
         2.783,              ,  0.000000    ,  13470.18    ,  12093.23    ,  0.000000    ,  12093.23    ,  13470.18    , -1376.950    , -1343.446    ,  33.50373    , 0.1310613    ,  25563.41    ,  527397.3    ,  2546595.    ,  1853.549    , 0.7278539E-01, 0.7278539E-01
         2.800,              ,  0.000000    ,  13452.69    ,  12030.73    ,  0.000000    ,  12030.73    ,  13452.69    , -1421.959    , -1387.973    ,  33.98638    , 0.1333667    ,  25483.42    ,  526009.3    ,  2572078.    ,  1887.535    , 0.7338561E-01, 0.7338561E-01
         2.817,              ,  0.000000    ,  13423.96    ,  11968.23    ,  0.000000    ,  11968.23    ,  13423.96    , -1455.727    , -1421.921    ,  33.80617    , 0.1331361    ,  25392.19    ,  524587.4    ,  2597470.    ,  1921.341    , 0.7396972E-01, 0.7396972E-01
         2.833,              ,  0.000000    ,  13389.88    ,  11905.73    ,  0.000000    ,  11905.73    ,  13389.88    , -1484.155    , -1450.286    ,  33.86849    , 0.1338907    ,  25295.61    ,  523137.1    ,  2622766.    ,  1955.210    , 0.7454763E-01, 0.7454763E-01
         2.850,              ,  0.000000    ,  13355.01    ,  11843.23    ,  0.000000    ,  11843.23    ,  13355.01    , -1511.782    , -1477.905    ,  33.87657    , 0.1344402    ,  25198.24    ,  521659.2    ,  2647964.    ,  1989.087    , 0.7511757E-01, 0.7511757E-01
         2.867,              ,  0.000000    ,  13311.64    ,  11780.73    ,  0.000000    ,  11780.73    ,  13311.64    , -1530.910    , -1497.327    ,  33.58266    , 0.1338361    ,  25092.37    ,  520161.9    ,  2673057.    ,  2022.669    , 0.7566877E-01, 0.7566877E-01
         2.883,              ,  0.000000    ,  13266.16    ,  11718.23    ,  0.000000    ,  11718.23    ,  13266.16    , -1547.928    , -1514.219    ,  33.70966    , 0.1349229    ,  24984.39    ,  518647.7    ,  2698041.    ,  2056.379    , 0.7621748E-01, 0.7621748E-01
         2.900,              ,  0.000000    ,  13211.97    ,  11655.73    ,  0.000000    ,  11655.73    ,  13211.97    , -1556.240    , -1522.652    ,  33.58795    , 0.1350666    ,  24867.70    ,  517125.0    ,  2722909.    ,  2089.967    , 0.7675493E-01, 0.7675493E-01
         2.917,              ,  0.000000    ,  13173.23    ,  11593.23    ,  0.000000    ,  11593.23    ,  13173.23    , -1579.997    , -1546.333    ,  33.66375    , 0.1359248    ,  24766.46    ,  515578.7    ,  2747675.    ,  2123.631    , 0.7728827E-01, 0.7728827E-01
         2.933,              ,  0.000000    ,  13138.51    ,  11530.73    ,  0.000000    ,  11530.73    ,  13138.51    , -1607.786    , -1574.254    ,  33.53204    , 0.1359265    ,  24669.24    ,  514004.4    ,  2772344.    ,  2157.163    , 0.7781005E-01, 0.7781005E-01
         2.950,              ,  0.000000    ,  13106.07    ,  11468.23    ,  0.000000    ,  11468.23    ,  13106.07    , -1637.845    , -1604.305    ,  33.53997    , 0.1364839    ,  24574.30    ,  512400.1    ,  2796919.    ,  2190.703    , 0.7832557E-01, 0.7832557E-01
         2.967,              ,  0.000000    ,  13072.11    ,  11405.73    ,  0.000000    ,  11405.73    ,  13072.11    , -1666.377    , -1648.834    ,  17.54287    , 0.7166838E-01,  24477.84    ,  510751.3    ,  2821397.    ,  2208.245    , 0.7826781E-01, 0.7826781E-01
         2.983,              ,  0.000000    ,  13036.62    ,  11343.23    ,  0.000000    ,  11343.23    ,  13036.62    , -1693.394    , -1659.793    ,  33.60120    , 0.1378237    ,  24379.85    ,  509091.5    ,  2845776.    ,  2241.847    , 0.7877803E-01, 0.7877803E-01
         3.000,              ,  0.000000    ,  13000.87    ,  11280.73    ,  0.000000    ,  11280.73    ,  13000.87    , -1720.142    , -1686.603    ,  33.53898    , 0.1381251    ,  24281.60    ,  507404.9    ,  2870058.    ,  2275.386    , 0.7928013E-01, 0.7928013E-01
         3.017,              ,  0.000000    ,  12962.62    ,  11218.23    ,  0.000000    ,  11218.23    ,  12962.62    , -1744.388    , -1711.003    ,  33.38525    , 0.1380649    ,  24180.85    ,  505693.9    ,  2894239.    ,  2308.771    , 0.7977126E-01, 0.7977126E-01
         3.033,              ,  0.000000    ,  12914.14    ,  11155.73    ,  0.000000    ,  11155.73    ,  12914.14    , -1758.413    , -1724.789    ,  33.62461    , 0.1396958    ,  24069.87    ,  503969.1    ,  2918309.    ,  2342.395    , 0.8026551E-01, 0.8026551E-01
         3.050,              ,  0.000000    ,  12859.66    ,  11093.23    ,  0.000000    ,  11093.23    ,  12859.66    , -1766.433    , -1732.833    ,  33.59944    , 0.1402730    ,  23952.89    ,  502236.3    ,  2942262.    ,  2375.995    , 0.8075403E-01, 0.8075403E-01
         3.067,              ,  0.000000    ,  12833.69    ,  11030.73    ,  0.000000    ,  11030.73    ,  12833.69    , -1802.964    , -1769.076    ,  33.88759    , 0.1420004    ,  23864.42    ,  500467.2    ,  2966126.    ,  2409.882    , 0.8124680E-01, 0.8124680E-01
         3.083,              ,  0.000000    ,  12819.06    ,  10968.23    ,  0.000000    ,  10968.23    ,  12819.06    , -1850.827    , -1816.951    ,  33.87574    , 0.1424111    ,  23787.29    ,  498650.3    ,  2989913.    ,  2443.758    , 0.8173341E-01, 0.8173341E-01
         3.100,              ,  0.000000    ,  12755.38    ,  10905.73    ,  0.000000    ,  10905.73    ,  12755.38    , -1849.656    , -1814.934    ,  34.72171    , 0.1467459    ,  23661.11    ,  496835.3    ,  3013574.    ,  2478.480    , 0.8224386E-01, 0.8224386E-01
         3.117,              ,  0.000000    ,  12690.95    ,  10843.23    ,  0.000000    ,  10843.23    ,  12690.95    , -1847.716    , -1815.430    ,  32.28659    , 0.1371902    ,  23534.17    ,  495019.9    ,  3037109.    ,  2510.767    , 0.8266963E-01, 0.8266963E-01
         3.133,              ,  0.000000    ,  12634.27    ,  10780.73    ,  0.000000    ,  10780.73    ,  12634.27    , -1853.537    , -1821.293    ,  32.24401    , 0.1377067    ,  23415.00    ,  493198.6    ,  3060524.    ,  2543.011    , 0.8309070E-01, 0.8309070E-01
         3.150,              ,  0.000000    ,  12574.79    ,  10718.23    ,  0.000000    ,  10718.23    ,  12574.79    , -1856.558    , -1824.524    ,  32.03437    , 0.1375278    ,  23293.02    ,  491374.1    ,  3083817.    ,  2575.045    , 0.8350188E-01, 0.8350188E-01
         3.167,              ,  0.000000    ,  12522.34    ,  10655.73    ,  0.000000    ,  10655.73    ,  12522.34    , -1866.614    , -1834.704    ,  31.91078    , 0.1376766    ,  23178.07    ,  489539.4    ,  3106995.    ,  2606.956    , 0.8390602E-01, 0.8390602E-01
         3.183,              ,  0.000000    ,  12470.57    ,  10593.23    ,  0.000000    ,  10593.23    ,  12470.57    , -1877.346    , -1845.529    ,  31.81695    , 0.1379519    ,  23063.80    ,  487693.8    ,  3130058.    ,  2638.773    , 0.8430426E-01, 0.8430426E-01
         3.200,              ,  0.000000    ,  12413.22    ,  10530.73    ,  0.000000    ,  10530.73    ,  12413.22    , -1882.488    , -1850.292    ,  32.19645    , 0.1403266    ,  22943.95    ,  485843.5    ,  3153002.    ,  2670.969    , 0.8471193E-01, 0.8471193E-01
         3.217,              ,  0.000000    ,  12352.98    ,  10468.23    ,  0.000000    ,  10468.23    ,  12352.98    , -1884.755    , -1867.917    ,  16.83826    , 0.7378335E-01,  22821.21    ,  483975.6    ,  3175824.    ,  2687.807    , 0.8463339E-01, 0.8463339E-01
         3.233,              ,  0.000000    ,  12299.44    ,  10405.73    ,  0.000000    ,  10405.73    ,  12299.44    , -1893.710    , -1862.798    ,  30.91174    , 0.1361441    ,  22705.17    ,  482112.8    ,  3198529.    ,  2718.719    , 0.8499905E-01, 0.8499905E-01
         3.250,              ,  0.000000    ,  12247.27    ,  10343.23    ,  0.000000    ,  10343.23    ,  12247.27    , -1904.037    , -1873.042    ,  30.99472    , 0.1372025    ,  22590.50    ,  480239.8    ,  3221119.    ,  2749.714    , 0.8536516E-01, 0.8536516E-01
         3.267,              ,  0.000000    ,  12191.41    ,  10280.73    ,  0.000000    ,  10280.73    ,  12191.41    , -1910.680    , -1880.223    ,  30.45702    , 0.1355324    ,  22472.14    ,  478359.6    ,  3243591.    ,  2780.171    , 0.8571273E-01, 0.8571273E-01
         3.283,              ,  0.000000    ,  12118.93    ,  10218.23    ,  0.000000    ,  10218.23    ,  12118.93    , -1900.702    , -1870.025    ,  30.67685    , 0.1373355    ,  22337.16    ,  476489.5    ,  3265929.    ,  2810.848    , 0.8606580E-01, 0.8606580E-01
         3.300,              ,  0.000000    ,  12053.42    ,  10155.73    ,  0.000000    ,  10155.73    ,  12053.42    , -1897.688    , -1866.696    ,  30.99184    , 0.1395454    ,  22209.15    ,  474622.8    ,  3288138.    ,  2841.840    , 0.8642702E-01, 0.8642702E-01
         3.317,              ,  0.000000    ,  12069.48    ,  10093.23    ,  0.000000    ,  10093.23    ,  12069.48    , -1976.251    , -1941.911    ,  34.33990    , 0.1549445    ,  22162.71    ,  472680.9    ,  3310300.    ,  2876.179    , 0.8688575E-01, 0.8688575E-01
         3.333,              ,  0.000000    ,  12129.83    ,  10030.73    ,  0.000000    ,  10030.73    ,  12129.83    , -2099.098    , -2067.416    ,  31.68222    , 0.1429667    ,  22160.56    ,  470613.5    ,  3332461.    ,  2907.862    , 0.8725868E-01, 0.8725868E-01
         3.350,              ,  0.000000    ,  11969.64    ,  9968.229    ,  0.000000    ,  9968.229    ,  11969.64    , -2001.411    , -1970.642    ,  30.76895    , 0.1402550    ,  21937.87    ,  468642.9    ,  3354399.    ,  2938.631    , 0.8760528E-01, 0.8760528E-01
         3.367,              ,  0.000000    ,  11834.79    ,  9905.729    ,  0.000000    ,  9905.729    ,  11834.79    , -1929.058    , -1897.426    ,  31.63246    , 0.1455001    ,  21740.52    ,  466745.4    ,  3376139.    ,  2970.263    , 0.8797809E-01, 0.8797809E-01
         3.383,              ,  0.000000    ,  11791.00    ,  9843.229    ,  0.000000    ,  9843.229    ,  11791.00    , -1947.776    , -1916.041    ,  31.73445    , 0.1466863    ,  21634.23    ,  464829.4    ,  3397774.    ,  3001.998    , 0.8835190E-01, 0.8835190E-01
         3.400,              ,  0.000000    ,  11689.60    ,  9780.729    ,  0.000000    ,  9780.729    ,  11689.60    , -1908.873    , -1877.596    ,  31.27699    , 0.1456754    ,  21470.33    ,  462951.8    ,  3419244.    ,  3033.274    , 0.8871185E-01, 0.8871185E-01
         3.417,              ,  0.000000    ,  11603.15    ,  9718.229    ,  0.000000    ,  9718.229    ,  11603.15    , -1884.925    , -1855.416    ,  29.50992    , 0.1384053    ,  21321.38    ,  461096.4    ,  3440565.    ,  3062.784    , 0.8901980E-01, 0.8901980E-01
         3.433,              ,  0.000000    ,  11536.44    ,  9655.729    ,  0.000000    ,  9655.729    ,  11536.44    , -1880.715    , -1849.667    ,  31.04725    , 0.1465034    ,  21192.17    ,  459246.7    ,  3461758.    ,  3093.832    , 0.8937170E-01, 0.8937170E-01
         3.450,              ,  0.000000    ,  11503.19    ,  9593.229    ,  0.000000    ,  9593.229    ,  11503.19    , -1909.965    , -1878.500    ,  31.46486    , 0.1491479    ,  21096.42    ,  457368.2    ,  3482854.    ,  3125.297    , 0.8973378E-01, 0.8973378E-01
         3.467,              ,  0.000000    ,  11458.00    ,  9530.729    ,  0.000000    ,  9530.729    ,  11458.00    , -1927.267    , -1895.687    ,  31.57975    , 0.1504605    ,  20988.72    ,  455472.5    ,  3503843.    ,  3156.876    , 0.9009755E-01, 0.9009755E-01
         3.483,              ,  0.000000    ,  11446.56    ,  9468.229    ,  0.000000    ,  9468.229    ,  11446.56    , -1978.327    , -1946.624    ,  31.70265    , 0.1515801    ,  20914.78    ,  453525.9    ,  3524757.    ,  3188.579    , 0.9046236E-01, 0.9046236E-01
         3.500,              ,  0.000000    ,  11401.95    ,  9405.729    ,  0.000000    ,  9405.729    ,  11401.95    , -1996.225    , -1967.778    ,  28.44701    , 0.1367140    ,  20807.68    ,  451558.1    ,  3545565.    ,  3217.026    , 0.9073380E-01, 0.9073380E-01
         3.517,              ,  0.000000    ,  11514.38    ,  9343.229    ,  0.000000    ,  9343.229    ,  11514.38    , -2171.150    , -2145.445    ,  25.70500    , 0.1232404    ,  20857.61    ,  449412.7    ,  3566423.    ,  3242.731    , 0.9092391E-01, 0.9092391E-01
         3.533,              ,  0.000000    ,  11350.52    ,  9280.729    ,  0.000000    ,  9280.729    ,  11350.52    , -2069.789    , -2040.929    ,  28.85997    , 0.1398847    ,  20631.25    ,  447371.8    ,  3587054.    ,  3271.591    , 0.9120551E-01, 0.9120551E-01
         3.550,              ,  0.000000    ,  11304.92    ,  9218.229    ,  0.000000    ,  9218.229    ,  11304.92    , -2086.695    , -2056.197    ,  30.49758    , 0.1486009    ,  20523.15    ,  445315.6    ,  3607577.    ,  3302.088    , 0.9153203E-01, 0.9153203E-01
         3.567,              ,  0.000000    ,  11231.04    ,  9155.729    ,  0.000000    ,  9155.729    ,  11231.04    , -2075.312    , -2047.037    ,  28.27513    , 0.1386935    ,  20386.77    ,  443268.5    ,  3627964.    ,  3330.364    , 0.9179704E-01, 0.9179704E-01
         3.583,              ,  0.000000    ,  11085.87    ,  9093.229    ,  0.000000    ,  9093.229    ,  11085.87    , -1992.638    , -1963.976    ,  28.66227    , 0.1420394    ,  20179.10    ,  441304.6    ,  3648143.    ,  3359.026    , 0.9207495E-01, 0.9207495E-01
         3.600,              ,  0.000000    ,  10961.88    ,  9030.729    ,  0.000000    ,  9030.729    ,  10961.88    , -1931.148    , -1897.620    ,  33.52781    , 0.1677010    ,  19992.61    ,  439406.9    ,  3668136.    ,  3392.554    , 0.9248714E-01, 0.9248714E-01
         3.617,              ,  0.000000    ,  10875.27    ,  8968.229    ,  0.000000    ,  8968.229    ,  10875.27    , -1907.043    , -1878.309    ,  28.73375    , 0.1448018    ,  19843.50    ,  437528.6    ,  3687979.    ,  3421.287    , 0.9276862E-01, 0.9276862E-01
         3.633,              ,  0.000000    ,  10827.83    ,  8905.729    ,  0.000000    ,  8905.729    ,  10827.83    , -1922.103    , -1893.245    ,  28.85760    , 0.1462361    ,  19733.56    ,  435635.4    ,  3707713.    ,  3450.145    , 0.9305319E-01, 0.9305319E-01
         3.650,              ,  0.000000    ,  10760.06    ,  8843.229    ,  0.000000    ,  8843.229    ,  10760.06    , -1916.829    , -1890.691    ,  26.13871    , 0.1333384    ,  19603.29    ,  433744.7    ,  3727316.    ,  3476.284    , 0.9326507E-01, 0.9326507E-01
         3.667,              ,  0.000000    ,  10710.23    ,  8780.729    ,  0.000000    ,  8780.729    ,  10710.23    , -1929.502    , -1892.437    ,  37.06568    , 0.1901686    ,  19490.96    ,  431852.3    ,  3746807.    ,  3513.349    , 0.9376916E-01, 0.9376916E-01
         3.683,              ,  0.000000    ,  10692.35    ,  8718.229    ,  0.000000    ,  8718.229    ,  10692.35    , -1974.119    , -1945.617    ,  28.50149    , 0.1468348    ,  19410.58    ,  429906.6    ,  3766218.    ,  3541.851    , 0.9404265E-01, 0.9404265E-01
         3.700,              ,  0.000000    ,  10706.83    ,  8655.729    ,  0.000000    ,  8655.729    ,  10706.83    , -2051.100    , -2022.457    ,  28.64398    , 0.1479349    ,  19362.56    ,  427884.2    ,  3785580.    ,  3570.495    , 0.9431830E-01, 0.9431830E-01
         3.717,              ,  0.000000    ,  10636.18    ,  8593.229    ,  0.000000    ,  8593.229    ,  10636.18    , -2042.954    , -2013.384    ,  29.56933    , 0.1537714    ,  19229.41    ,  425870.8    ,  3804809.    ,  3600.064    , 0.9461878E-01, 0.9461878E-01
         3.733,              ,  0.000000    ,  10589.98    ,  8530.729    ,  0.000000    ,  8530.729    ,  10589.98    , -2059.247    , -2031.510    ,  27.73770    , 0.1450663    ,  19120.71    ,  423839.3    ,  3823930.    ,  3627.802    , 0.9487103E-01, 0.9487103E-01
         3.750,              ,  0.000000    ,  10527.43    ,  8468.229    ,  0.000000    ,  8468.229    ,  10527.43    , -2059.203    , -2030.219    ,  28.98349    , 0.1525795    ,  18995.66    ,  421809.1    ,  3842926.    ,  3656.785    , 0.9515628E-01, 0.9515628E-01
         3.767,              ,  0.000000    ,  10480.94    ,  8405.729    ,  0.000000    ,  8405.729    ,  10480.94    , -2075.208    , -2047.174    ,  28.03430    , 0.1484343    ,  18886.67    ,  419761.9    ,  3861813.    ,  3684.820    , 0.9541685E-01, 0.9541685E-01
         3.783,              ,  0.000000    ,  10394.38    ,  8343.229    ,  0.000000    ,  8343.229    ,  10394.38    , -2051.152    , -2023.452    ,  27.69968    , 0.1478293    ,  18737.61    ,  417738.4    ,  3880550.    ,  3712.519    , 0.9566993E-01, 0.9566993E-01
         3.800,              ,  0.000000    ,  10297.83    ,  8280.729    ,  0.000000    ,  8280.729    ,  10297.83    , -2017.105    , -1988.963    ,  28.14204    , 0.1514759    ,  18578.56    ,  415749.5    ,  3899129.    ,  3740.661    , 0.9593583E-01, 0.9593583E-01
         3.817,              ,  0.000000    ,  10236.13    ,  8218.229    ,  0.000000    ,  8218.229    ,  10236.13    , -2017.896    , -1989.676    ,  28.22019    , 0.1529189    ,  18454.35    ,  413759.8    ,  3917583.    ,  3768.882    , 0.9620426E-01, 0.9620426E-01
         3.833,              ,  0.000000    ,  10179.56    ,  8155.729    ,  0.000000    ,  8155.729    ,  10179.56    , -2023.833    , -1996.180    ,  27.65227    , 0.1508145    ,  18335.29    ,  411763.6    ,  3935918.    ,  3796.534    , 0.9645866E-01, 0.9645866E-01
         3.850,              ,  0.000000    ,  10127.81    ,  8093.229    ,  0.000000    ,  8093.229    ,  10127.81    , -2034.582    , -2006.641    ,  27.94115    , 0.1533456    ,  18221.04    ,  409757.0    ,  3954139.    ,  3824.475    , 0.9672080E-01, 0.9672080E-01
         3.867,              ,  0.000000    ,  9682.804    ,  8030.729    ,  0.000000    ,  8030.729    ,  9682.804    , -1652.075    , -1659.973    , -7.897587    ,-0.4458505E-01,  17713.53    ,  408097.0    ,  3971853.    ,  3816.577    , 0.9609060E-01, 0.9609060E-01
         3.883,              ,  0.000000    ,  9876.151    ,  7968.229    ,  0.000000    ,  7968.229    ,  9876.151    , -1907.922    , -1875.896    ,  32.02618    , 0.1794749    ,  17844.38    ,  406221.1    ,  3989697.    ,  3848.604    , 0.9646355E-01, 0.9646355E-01
         3.900,              ,  0.000000    ,  9907.488    ,  7905.729    ,  0.000000    ,  7905.729    ,  9907.488    , -2001.759    , -1970.975    ,  30.78336    , 0.1728119    ,  17813.22    ,  404250.1    ,  4007510.    ,  3879.387    , 0.9680292E-01, 0.9680292E-01
         3.917,              ,  0.000000    ,  9862.273    ,  7843.229    ,  0.000000    ,  7843.229    ,  9862.273    , -2019.044    , -1988.216    ,  30.82793    , 0.1741150    ,  17705.50    ,  402261.9    ,  4025216.    ,  3910.215    , 0.9714298E-01, 0.9714298E-01
         3.933,              ,  0.000000    ,  9840.210    ,  7780.729    ,  0.000000    ,  7780.729    ,  9840.210    , -2059.480    , -2032.381    ,  27.09955    , 0.1537918    ,  17620.94    ,  400229.5    ,  4042837.    ,  3937.315    , 0.9738989E-01, 0.9738989E-01
         3.950,              ,  0.000000    ,  9853.719    ,  7718.229    ,  0.000000    ,  7718.229    ,  9853.719    , -2135.490    , -2104.084    ,  31.40638    , 0.1787302    ,  17571.95    ,  398125.5    ,  4060409.    ,  3968.721    , 0.9774190E-01, 0.9774190E-01
         3.967,              ,  0.000000    ,  9776.023    ,  7655.729    ,  0.000000    ,  7655.729    ,  9776.023    , -2120.294    , -2089.787    ,  30.50678    , 0.1750070    ,  17431.75    ,  396035.7    ,  4077841.    ,  3999.228    , 0.9807219E-01, 0.9807219E-01
         3.983,              ,  0.000000    ,  9675.207    ,  7593.229    ,  0.000000    ,  7593.229    ,  9675.207    , -2081.978    , -2052.184    ,  29.79347    , 0.1725314    ,  17268.44    ,  393983.5    ,  4095109.    ,  4029.021    , 0.9838617E-01, 0.9838617E-01
         4.000,              ,  0.000000    ,  9577.602    ,  7530.729    ,  0.000000    ,  7530.729    ,  9577.602    , -2046.872    , -2015.247    ,  31.62592    , 0.1848568    ,  17108.33    ,  391968.2    ,  4112217.    ,  4060.647    , 0.9874592E-01, 0.9874592E-01
         4.017,              ,  0.000000    ,  9499.054    ,  7468.229    ,  0.000000    ,  7468.229    ,  9499.054    , -2030.825    , -2002.614    ,  28.21087    , 0.1662663    ,  16967.28    ,  389965.6    ,  4129185.    ,  4088.858    , 0.9902337E-01, 0.9902337E-01
         4.033,              ,  0.000000    ,  9427.719    ,  7405.729    ,  0.000000    ,  7405.729    ,  9427.719    , -2021.989    , -1989.860    ,  32.12929    , 0.1908657    ,  16833.45    ,  387975.8    ,  4146018.    ,  4120.987    , 0.9939627E-01, 0.9939627E-01
         4.050,              ,  0.000000    ,  9129.921    ,  7343.229    ,  0.000000    ,  7343.229    ,  9129.921    , -1786.692    , -1760.164    ,  26.52770    , 0.1610360    ,  16473.15    ,  386215.6    ,  4162491.    ,  4147.515    , 0.9964021E-01, 0.9964021E-01
         4.067,              ,  0.000000    ,  9006.082    ,  7280.729    ,  0.000000    ,  7280.729    ,  9006.082    , -1725.352    , -1695.554    ,  29.79890    , 0.1829634    ,  16286.81    ,  384520.0    ,  4178778.    ,  4177.314    , 0.9996496E-01, 0.9996496E-01
         4.083,              ,  0.000000    ,  9032.047    ,  7218.229    ,  0.000000    ,  7218.229    ,  9032.047    , -1813.818    , -1786.093    ,  27.72481    , 0.1706113    ,  16250.28    ,  382734.0    ,  4195028.    ,  4205.039    , 0.1002386    , 0.1002386    
         4.100,              ,  0.000000    ,  9080.224    ,  7155.729    ,  0.000000    ,  7155.729    ,  9080.224    , -1924.495    , -1890.169    ,  34.32585    , 0.2114187    ,  16235.95    ,  380843.8    ,  4211264.    ,  4239.364    , 0.1006673    , 0.1006673    
         4.117,              ,  0.000000    ,  9099.286    ,  7093.229    ,  0.000000    ,  7093.229    ,  9099.286    , -2006.057    , -1976.790    ,  29.26721    , 0.1807453    ,  16192.52    ,  378867.0    ,  4227457.    ,  4268.632    , 0.1009740    , 0.1009740    
         4.133,              ,  0.000000    ,  9082.035    ,  7030.729    ,  0.000000    ,  7030.729    ,  9082.035    , -2051.306    , -2021.792    ,  29.51410    , 0.1831722    ,  16112.76    ,  376845.2    ,  4243570.    ,  4298.146    , 0.1012861    , 0.1012861    
         4.150,              ,  0.000000    ,  9058.410    ,  6968.229    ,  0.000000    ,  6968.229    ,  9058.410    , -2090.180    , -2060.460    ,  29.72062    , 0.1854451    ,  16026.64    ,  374784.7    ,  4259596.    ,  4327.866    , 0.1016027    , 0.1016027    
         4.167,              ,  0.000000    ,  9009.410    ,  6905.729    ,  0.000000    ,  6905.729    ,  9009.410    , -2103.681    , -2074.267    ,  29.41411    , 0.1848184    ,  15915.14    ,  372710.5    ,  4275511.    ,  4357.280    , 0.1019125    , 0.1019125    
         4.183,              ,  0.000000    ,  8945.871    ,  6843.229    ,  0.000000    ,  6843.229    ,  8945.871    , -2102.641    , -2072.940    ,  29.70104    , 0.1881110    ,  15789.10    ,  370637.5    ,  4291300.    ,  4386.982    , 0.1022297    , 0.1022297    
         4.200,              ,  0.000000    ,  8910.785    ,  6780.729    ,  0.000000    ,  6780.729    ,  8910.785    , -2130.056    , -2099.803    ,  30.25261    , 0.1927960    ,  15691.51    ,  368537.7    ,  4306992.    ,  4417.234    , 0.1025596    , 0.1025596    
         4.217,              ,  0.000000    ,  8860.486    ,  6718.229    ,  0.000000    ,  6718.229    ,  8860.486    , -2142.257    , -2113.331    ,  28.92603    , 0.1856766    ,  15578.72    ,  366424.4    ,  4322571.    ,  4446.160    , 0.1028592    , 0.1028592    
         4.233,              ,  0.000000    ,  8789.573    ,  6655.729    ,  0.000000    ,  6655.729    ,  8789.573    , -2133.844    , -2104.119    ,  29.72495    , 0.1924530    ,  15445.30    ,  364320.3    ,  4338016.    ,  4475.885    , 0.1031782    , 0.1031782    
         4.250,              ,  0.000000    ,  8736.799    ,  6593.229    ,  0.000000    ,  6593.229    ,  8736.799    , -2143.570    , -2114.292    ,  29.27736    , 0.1909805    ,  15330.03    ,  362206.0    ,  4353346.    ,  4505.162    , 0.1034874    , 0.1034874    
         4.267,              ,  0.000000    ,  8652.816    ,  6530.729    ,  0.000000    ,  6530.729    ,  8652.816    , -2122.086    , -2092.817    ,  29.26947    , 0.1927710    ,  15183.54    ,  360113.2    ,  4368530.    ,  4534.432    , 0.1037977    , 0.1037977    
         4.283,              ,  0.000000    ,  8606.950    ,  6468.229    ,  0.000000    ,  6468.229    ,  8606.950    , -2138.721    , -2109.095    ,  29.62524    , 0.1965167    ,  15075.18    ,  358004.1    ,  4383605.    ,  4564.057    , 0.1041165    , 0.1041165    
         4.300,              ,  0.000000    ,  8554.451    ,  6405.729    ,  0.000000    ,  6405.729    ,  8554.451    , -2148.722    , -2119.616    ,  29.10545    , 0.1945528    ,  14960.18    ,  355884.5    ,  4398565.    ,  4593.163    , 0.1044241    , 0.1044241    
         4.317,              ,  0.000000    ,  8533.347    ,  6343.229    ,  0.000000    ,  6343.229    ,  8533.347    , -2190.118    , -2159.488    ,  30.63009    , 0.2058948    ,  14876.58    ,  353725.0    ,  4413442.    ,  4623.793    , 0.1047661    , 0.1047661    
         4.333,              ,  0.000000    ,  8550.057    ,  6280.729    ,  0.000000    ,  6280.729    ,  8550.057    , -2269.328    , -2239.138    ,  30.18950    , 0.2035597    ,  14830.79    ,  351485.8    ,  4428272.    ,  4653.982    , 0.1050970    , 0.1050970    
         4.350,              ,  0.000000    ,  8708.359    ,  6218.229    ,  0.000000    ,  6218.229    ,  8708.359    , -2490.130    , -2457.291    ,  32.83881    , 0.2200021    ,  14926.59    ,  349028.5    ,  4443199.    ,  4686.821    , 0.1054830    , 0.1054830    
         4.367,              ,  0.000000    ,  8636.186    ,  6155.729    ,  0.000000    ,  6155.729    ,  8636.186    , -2480.457    , -2443.357    ,  37.09958    , 0.2508098    ,  14791.91    ,  346585.2    ,  4457991.    ,  4723.921    , 0.1059652    , 0.1059652    
         4.383,              ,  0.000000    ,  8398.912    ,  6093.229    ,  0.000000    ,  6093.229    ,  8398.912    , -2305.683    , -2299.921    ,  5.761260    , 0.3975438E-01,  14492.14    ,  344285.3    ,  4472483.    ,  4729.682    , 0.1057507    , 0.1057507    
         4.400,              ,  0.000000    ,  8024.153    ,  6030.729    ,  0.000000    ,  6030.729    ,  8024.153    , -1993.424    , -1964.914    ,  28.51013    , 0.2028486    ,  14054.88    ,  342320.4    ,  4486538.    ,  4758.192    , 0.1060549    , 0.1060549    
         4.417,              ,  0.000000    ,  8010.252    ,  5968.229    ,  0.000000    ,  5968.229    ,  8010.252    , -2042.023    , -2013.502    ,  28.52049    , 0.2040314    ,  13978.48    ,  340306.9    ,  4500516.    ,  4786.713    , 0.1063592    , 0.1063592    
         4.433,              ,  0.000000    ,  8080.150    ,  5905.729    ,  0.000000    ,  5905.729    ,  8080.150    , -2174.421    , -2145.651    ,  28.76978    , 0.2057059    ,  13985.88    ,  338161.2    ,  4514502.    ,  4815.482    , 0.1066670    , 0.1066670    
         4.450,              ,  0.000000    ,  8076.268    ,  5843.229    ,  0.000000    ,  5843.229    ,  8076.268    , -2233.039    , -2204.805    ,  28.23421    , 0.2028393    ,  13919.50    ,  335956.4    ,  4528422.    ,  4843.716    , 0.1069626    , 0.1069626    
         4.467,              ,  0.000000    ,  8015.478    ,  5780.729    ,  0.000000    ,  5780.729    ,  8015.478    , -2234.749    , -2206.671    ,  28.07752    , 0.2035163    ,  13796.21    ,  333749.7    ,  4542218.    ,  4871.794    , 0.1072558    , 0.1072558    
         4.483,              ,  0.000000    ,  7969.050    ,  5718.229    ,  0.000000    ,  5718.229    ,  7969.050    , -2250.821    , -2224.353    ,  26.46748    , 0.1933728    ,  13687.28    ,  331525.4    ,  4555905.    ,  4898.261    , 0.1075146    , 0.1075146    
         4.500,              ,  0.000000    ,  7899.694    ,  5655.729    ,  0.000000    ,  5655.729    ,  7899.694    , -2243.965    , -2216.842    ,  27.12290    , 0.2000889    ,  13555.42    ,  329308.5    ,  4569461.    ,  4925.384    , 0.1077892    , 0.1077892    
         4.517,              ,  0.000000    ,  7842.833    ,  5593.229    ,  0.000000    ,  5593.229    ,  7842.833    , -2249.604    , -2222.294    ,  27.30996    , 0.2032587    ,  13436.06    ,  327086.2    ,  4582897.    ,  4952.694    , 0.1080691    , 0.1080691    
         4.533,              ,  0.000000    ,  7790.950    ,  5530.729    ,  0.000000    ,  5530.729    ,  7790.950    , -2260.221    , -2233.219    ,  27.00267    , 0.2026972    ,  13321.68    ,  324853.0    ,  4596218.    ,  4979.697    , 0.1083434    , 0.1083434    
         4.550,              ,  0.000000    ,  7703.634    ,  5468.229    ,  0.000000    ,  5468.229    ,  7703.634    , -2235.404    , -2209.159    ,  26.24532    , 0.1992529    ,  13171.86    ,  322643.9    ,  4609390.    ,  5005.942    , 0.1086031    , 0.1086031    
         4.567,              ,  0.000000    ,  7630.251    ,  5405.729    ,  0.000000    ,  5405.729    ,  7630.251    , -2224.522    , -2197.587    ,  26.93463    , 0.2066176    ,  13035.98    ,  320446.3    ,  4622426.    ,  5032.877    , 0.1088796    , 0.1088796    
         4.583,              ,  0.000000    ,  7571.720    ,  5343.229    ,  0.000000    ,  5343.229    ,  7571.720    , -2228.491    , -2204.051    ,  24.44005    , 0.1892384    ,  12914.95    ,  318242.2    ,  4635341.    ,  5057.317    , 0.1091034    , 0.1091034    
         4.600,              ,  0.000000    ,  7517.850    ,  5280.729    ,  0.000000    ,  5280.729    ,  7517.850    , -2237.121    , -2211.500    ,  25.62027    , 0.2001806    ,  12798.58    ,  316030.7    ,  4648140.    ,  5082.937    , 0.1093542    , 0.1093542    
         4.617,              ,  0.000000    ,  7489.413    ,  5218.229    ,  0.000000    ,  5218.229    ,  7489.413    , -2271.184    , -2244.817    ,  26.36769    , 0.2074947    ,  12707.64    ,  313785.9    ,  4660847.    ,  5109.305    , 0.1096218    , 0.1096218    
         4.633,              ,  0.000000    ,  7462.368    ,  5155.729    ,  0.000000    ,  5155.729    ,  7462.368    , -2306.639    , -2280.109    ,  26.52976    , 0.2102516    ,  12618.10    ,  311505.8    ,  4673465.    ,  5135.835    , 0.1098935    , 0.1098935    
         4.650,              ,  0.000000    ,  7442.235    ,  5093.229    ,  0.000000    ,  5093.229    ,  7442.235    , -2349.006    , -2322.762    ,  26.24472    , 0.2093638    ,  12535.46    ,  309183.0    ,  4686001.    ,  5162.079    , 0.1101596    , 0.1101596    
         4.667,              ,  0.000000    ,  7411.987    ,  5030.729    ,  0.000000    ,  5030.729    ,  7411.987    , -2381.258    , -2357.638    ,  23.61997    , 0.1898297    ,  12442.72    ,  306825.4    ,  4698444.    ,  5185.699    , 0.1103706    , 0.1103706    
         4.683,              ,  0.000000    ,  7402.929    ,  4968.229    ,  0.000000    ,  4968.229    ,  7402.929    , -2434.700    , -2409.333    ,  25.36702    , 0.2050497    ,  12371.16    ,  304416.1    ,  4710815.    ,  5211.066    , 0.1106192    , 0.1106192    
         4.700,              ,  0.000000    ,  7406.995    ,  4905.729    ,  0.000000    ,  4905.729    ,  7406.995    , -2501.265    , -2476.057    ,  25.20866    , 0.2047367    ,  12312.72    ,  301940.0    ,  4723128.    ,  5236.275    , 0.1108646    , 0.1108646    
         4.717,              ,  0.000000    ,  7316.124    ,  4843.229    ,  0.000000    ,  4843.229    ,  7316.124    , -2472.895    , -2452.892    ,  20.00287    , 0.1645060    ,  12159.35    ,  299487.1    ,  4735287.    ,  5256.278    , 0.1110023    , 0.1110023    
         4.733,              ,  0.000000    ,  7272.101    ,  4780.729    ,  0.000000    ,  4780.729    ,  7272.101    , -2491.371    , -2476.743    ,  14.62893    , 0.1213734    ,  12052.83    ,  297010.4    ,  4747340.    ,  5270.907    , 0.1110286    , 0.1110286    
         4.750,              ,  0.000000    ,  7209.666    ,  4718.229    ,  0.000000    ,  4718.229    ,  7209.666    , -2491.437    , -2469.370    ,  22.06676    , 0.1850013    ,  11927.90    ,  294541.0    ,  4759268.    ,  5292.974    , 0.1112140    , 0.1112140    
         4.767,              ,  0.000000    ,  6955.258    ,  4655.729    ,  0.000000    ,  4655.729    ,  6955.258    , -2299.529    , -2278.919    ,  20.60956    , 0.1775005    ,  11610.99    ,  292262.1    ,  4770879.    ,  5313.583    , 0.1113754    , 0.1113754    
         4.783,              ,  0.000000    ,  6866.297    ,  4593.229    ,  0.000000    ,  4593.229    ,  6866.297    , -2273.068    , -2251.668    ,  21.39958    , 0.1867405    ,  11459.53    ,  290010.4    ,  4782338.    ,  5334.983    , 0.1115560    , 0.1115560    
         4.800,              ,  0.000000    ,  6821.383    ,  4530.729    ,  0.000000    ,  4530.729    ,  6821.383    , -2290.654    , -2269.201    ,  21.45355    , 0.1889829    ,  11352.11    ,  287741.2    ,  4793690.    ,  5356.436    , 0.1117393    , 0.1117393    
         4.817,              ,  0.000000    ,  6789.707    ,  4468.229    ,  0.000000    ,  4468.229    ,  6789.707    , -2321.478    , -2300.016    ,  21.46128    , 0.1906325    ,  11257.94    ,  285441.2    ,  4804948.    ,  5377.898    , 0.1119242    , 0.1119242    
         4.833,              ,  0.000000    ,  6755.712    ,  4405.729    ,  0.000000    ,  4405.729    ,  6755.712    , -2349.983    , -2328.389    ,  21.59396    , 0.1934693    ,  11161.44    ,  283112.8    ,  4816110.    ,  5399.492    , 0.1121131    , 0.1121131    
         4.850,              ,  0.000000    ,  6701.624    ,  4343.229    ,  0.000000    ,  4343.229    ,  6701.624    , -2358.395    , -2344.175    ,  14.21960    , 0.1287441    ,  11044.85    ,  280768.6    ,  4827154.    ,  5413.711    , 0.1121512    , 0.1121512    
         4.867,              ,  0.000000    ,  6647.636    ,  4280.729    ,  0.000000    ,  4280.729    ,  6647.636    , -2366.907    , -2345.687    ,  21.21962    , 0.1941701    ,  10928.36    ,  278422.9    ,  4838083.    ,  5434.931    , 0.1123365    , 0.1123365    
         4.883,              ,  0.000000    ,  6660.599    ,  4218.229    ,  0.000000    ,  4218.229    ,  6660.599    , -2442.370    , -2420.764    ,  21.60654    , 0.1986109    ,  10878.83    ,  276002.2    ,  4848962.    ,  5456.537    , 0.1125300    , 0.1125300    
         4.900,              ,  0.000000    ,  6585.321    ,  4155.729    ,  0.000000    ,  4155.729    ,  6585.321    , -2429.591    , -2408.922    ,  20.66931    , 0.1924328    ,  10741.05    ,  273593.3    ,  4859703.    ,  5477.207    , 0.1127066    , 0.1127066    
         4.917,              ,  0.000000    ,  6807.523    ,  4093.229    ,  0.000000    ,  4093.229    ,  6807.523    , -2714.294    , -2687.491    ,  26.80233    , 0.2458760    ,  10900.75    ,  270905.8    ,  4870603.    ,  5504.009    , 0.1130047    , 0.1130047    
         4.933,              ,  0.000000    ,  6746.899    ,  4030.729    ,  0.000000    ,  4030.729    ,  6746.899    , -2716.170    , -2693.514    ,  22.65601    , 0.2102133    ,  10777.63    ,  268212.3    ,  4881381.    ,  5526.665    , 0.1132193    , 0.1132193    
         4.950,              ,  0.000000    ,  6605.408    ,  3968.229    ,  0.000000    ,  3968.229    ,  6605.408    , -2637.179    , -2622.727    ,  14.45196    , 0.1366792    ,  10573.64    ,  265589.5    ,  4891955.    ,  5541.117    , 0.1132700    , 0.1132700    
         4.967,              ,  0.000000    ,  6432.924    ,  3905.729    ,  0.000000    ,  3905.729    ,  6432.924    , -2527.195    , -2505.119    ,  22.07560    , 0.2135249    ,  10338.65    ,  263084.4    ,  4902293.    ,  5563.193    , 0.1134814    , 0.1134814    
         4.983,              ,  0.000000    ,  6408.645    ,  3843.229    ,  0.000000    ,  3843.229    ,  6408.645    , -2565.416    , -2542.771    ,  22.64511    , 0.2208875    ,  10251.87    ,  260541.6    ,  4912545.    ,  5585.838    , 0.1137056    , 0.1137056    
         5.000,              ,  0.000000    ,  6353.766    ,  3780.729    ,  0.000000    ,  3780.729    ,  6353.766    , -2573.037    , -2552.137    ,  20.90007    , 0.2062270    ,  10134.50    ,  257989.5    ,  4922680.    ,  5606.738    , 0.1138960    , 0.1138960    
         5.017,              ,  0.000000    ,  6186.404    ,  3718.229    ,  0.000000    ,  3718.229    ,  6186.404    , -2468.175    , -2448.351    ,  19.82397    , 0.2001485    ,  9904.633    ,  255541.1    ,  4932584.    ,  5626.562    , 0.1140692    , 0.1140692    
         5.033,              ,  0.000000    ,  6033.095    ,  3655.729    ,  0.000000    ,  3655.729    ,  6033.095    , -2377.366    , -2358.253    ,  19.11328    , 0.1972714    ,  9688.825    ,  253182.9    ,  4942273.    ,  5645.675    , 0.1142324    , 0.1142324    
         5.050,              ,  0.000000    ,  5918.825    ,  3593.229    ,  0.000000    ,  3593.229    ,  5918.825    , -2325.595    , -2306.421    ,  19.17443    , 0.2015803    ,  9512.054    ,  250876.5    ,  4951785.    ,  5664.849    , 0.1144001    , 0.1144001    
         5.067,              ,  0.000000    ,  5879.804    ,  3530.729    ,  0.000000    ,  3530.729    ,  5879.804    , -2349.075    , -2331.935    ,  17.13964    , 0.1821325    ,  9410.533    ,  248544.5    ,  4961196.    ,  5681.989    , 0.1145286    , 0.1145286    
         5.083,              ,  0.000000    ,  5761.220    ,  3468.229    ,  0.000000    ,  3468.229    ,  5761.220    , -2292.990    , -2278.369    ,  14.62114    , 0.1584183    ,  9229.449    ,  246266.2    ,  4970425.    ,  5696.610    , 0.1146101    , 0.1146101    
         5.100,              ,  0.000000    ,  5656.609    ,  3405.729    ,  0.000000    ,  3405.729    ,  5656.609    , -2250.879    , -2241.620    ,  9.259766    , 0.1021786    ,  9062.338    ,  244024.6    ,  4979488.    ,  5705.870    , 0.1145875    , 0.1145875    
         5.117,              ,  0.000000    ,  5568.179    ,  3343.229    ,  0.000000    ,  3343.229    ,  5568.179    , -2224.950    , -2210.709    ,  14.24026    , 0.1597981    ,  8911.408    ,  241813.8    ,  4988399.    ,  5720.110    , 0.1146683    , 0.1146683    
         5.133,              ,  0.000000    ,  5505.440    ,  3280.729    ,  0.000000    ,  3280.729    ,  5505.440    , -2224.711    , -2211.851    ,  12.85925    , 0.1463579    ,  8786.169    ,  239602.0    ,  4997185.    ,  5732.969    , 0.1147240    , 0.1147240    
         5.150,              ,  0.000000    ,  5417.050    ,  3218.229    ,  0.000000    ,  3218.229    ,  5417.050    , -2198.821    , -2182.266    ,  16.55412    , 0.1917034    ,  8635.279    ,  237419.7    ,  5005820.    ,  5749.524    , 0.1148568    , 0.1148568    
         5.167,              ,  0.000000    ,  5428.600    ,  3155.729    ,  0.000000    ,  3155.729    ,  5428.600    , -2272.871    , -2257.955    ,  14.91620    , 0.1737609    ,  8584.329    ,  235161.8    ,  5014405.    ,  5764.440    , 0.1149576    , 0.1149576    
         5.183,              ,  0.000000    ,  5330.380    ,  3093.229    ,  0.000000    ,  3093.229    ,  5330.380    , -2237.151    , -2222.813    ,  14.33817    , 0.1702140    ,  8423.609    ,  232939.0    ,  5022828.    ,  5778.778    , 0.1150503    , 0.1150503    
         5.200,              ,  0.000000    ,  5236.668    ,  3030.729    ,  0.000000    ,  3030.729    ,  5236.668    , -2205.939    , -2193.779    ,  12.16002    , 0.1470840    ,  8267.397    ,  230745.2    ,  5031096.    ,  5790.938    , 0.1151029    , 0.1151029    
         5.217,              ,  0.000000    ,  5170.339    ,  2968.229    ,  0.000000    ,  2968.229    ,  5170.339    , -2202.110    , -2194.454    ,  7.656447    , 0.9407609E-01,  8138.568    ,  228550.7    ,  5039234.    ,  5798.594    , 0.1150690    , 0.1150690    
         5.233,              ,  0.000000    ,  5028.703    ,  2905.729    ,  0.000000    ,  2905.729    ,  5028.703    , -2122.974    , -2110.671    ,  12.30254    , 0.1550526    ,  7934.432    ,  226440.1    ,  5047169.    ,  5810.897    , 0.1151318    , 0.1151318    
         5.250,              ,  0.000000    ,  4928.751    ,  2843.229    ,  0.000000    ,  2843.229    ,  4928.751    , -2085.522    , -2072.129    ,  13.39340    , 0.1723293    ,  7771.980    ,  224367.9    ,  5054941.    ,  5824.290    , 0.1152198    , 0.1152198    
         5.267,              ,  0.000000    ,  4895.485    ,  2780.729    ,  0.000000    ,  2780.729    ,  4895.485    , -2114.756    , -2100.163    ,  14.59273    , 0.1901033    ,  7676.214    ,  222267.8    ,  5062617.    ,  5838.883    , 0.1153333    , 0.1153333    
         5.283,              ,  0.000000    ,  4850.035    ,  2718.229    ,  0.000000    ,  2718.229    ,  4850.035    , -2131.805    , -2117.150    ,  14.65548    , 0.1936438    ,  7568.264    ,  220150.6    ,  5070185.    ,  5853.539    , 0.1154502    , 0.1154502    
         5.300,              ,  0.000000    ,  4801.606    ,  2655.729    ,  0.000000    ,  2655.729    ,  4801.606    , -2145.877    , -2131.841    ,  14.03643    , 0.1882231    ,  7457.335    ,  218018.8    ,  5077643.    ,  5867.575    , 0.1155571    , 0.1155571    
         5.317,              ,  0.000000    ,  4725.309    ,  2593.229    ,  0.000000    ,  2593.229    ,  4725.309    , -2132.079    , -2118.615    ,  13.46499    , 0.1839847    ,  7318.538    ,  215900.2    ,  5084961.    ,  5881.040    , 0.1156556    , 0.1156556    
         5.333,              ,  0.000000    ,  4644.895    ,  2530.729    ,  0.000000    ,  2530.729    ,  4644.895    , -2114.166    , -2100.272    ,  13.89391    , 0.1936266    ,  7175.624    ,  213799.9    ,  5092137.    ,  5894.934    , 0.1157654    , 0.1157654    
         5.350,              ,  0.000000    ,  4586.171    ,  2468.229    ,  0.000000    ,  2468.229    ,  4586.171    , -2117.942    , -2104.267    ,  13.67568    , 0.1938602    ,  7054.401    ,  211695.6    ,  5099191.    ,  5908.610    , 0.1158735    , 0.1158735    
         5.367,              ,  0.000000    ,  4547.214    ,  2405.729    ,  0.000000    ,  2405.729    ,  4547.214    , -2141.485    , -2129.658    ,  11.82728    , 0.1701046    ,  6952.943    ,  209566.0    ,  5106144.    ,  5920.437    , 0.1159473    , 0.1159473    
         5.383,              ,  0.000000    ,  4496.822    ,  2343.229    ,  0.000000    ,  2343.229    ,  4496.822    , -2153.593    , -2139.820    ,  13.77320    , 0.2013611    ,  6840.051    ,  207426.1    ,  5112984.    ,  5934.210    , 0.1160616    , 0.1160616    
         5.400,              ,  0.000000    ,  4425.333    ,  2280.729    ,  0.000000    ,  2280.729    ,  4425.333    , -2144.603    , -2135.968    ,  8.635928    , 0.1287779    ,  6706.062    ,  205290.2    ,  5119690.    ,  5942.846    , 0.1160782    , 0.1160782    
         5.417,              ,  0.000000    ,  4169.874    ,  2218.229    ,  0.000000    ,  2218.229    ,  4169.874    , -1951.645    , -1939.875    ,  11.77029    , 0.1842533    ,  6388.103    ,  203350.3    ,  5126078.    ,  5954.616    , 0.1161632    , 0.1161632    
         5.433,              ,  0.000000    ,  4204.776    ,  2155.729    ,  0.000000    ,  2155.729    ,  4204.776    , -2049.047    , -2041.181    ,  7.865715    , 0.1236649    ,  6360.505    ,  201309.1    ,  5132439.    ,  5962.482    , 0.1161725    , 0.1161725    
         5.450,              ,  0.000000    ,  4210.854    ,  2093.229    ,  0.000000    ,  2093.229    ,  4210.854    , -2117.625    , -2121.298    , -3.673470    ,-0.5827129E-01,  6304.083    ,  199187.8    ,  5138743.    ,  5958.809    , 0.1159585    , 0.1159585    
         5.467,              ,  0.000000    ,  4196.530    ,  2030.729    ,  0.000000    ,  2030.729    ,  4196.530    , -2165.800    , -2156.032    ,  9.768168    , 0.1568615    ,  6227.259    ,  197031.8    ,  5144970.    ,  5968.577    , 0.1160080    , 0.1160080    
         5.483,              ,  0.000000    ,  4147.639    ,  1968.229    ,  0.000000    ,  1968.229    ,  4147.639    , -2179.410    , -2168.557    ,  10.85317    , 0.1774592    ,  6115.869    ,  194863.2    ,  5151086.    ,  5979.430    , 0.1160810    , 0.1160810    
         5.500,              ,  0.000000    ,  4149.806    ,  1905.729    ,  0.000000    ,  1905.729    ,  4149.806    , -2244.077    , -2236.474    ,  7.602583    , 0.1255477    ,  6055.535    ,  192626.8    ,  5157142.    ,  5987.032    , 0.1160921    , 0.1160921    
         5.517,              ,  0.000000    ,  4082.900    ,  1843.229    ,  0.000000    ,  1843.229    ,  4082.900    , -2239.671    , -2229.125    ,  10.54577    , 0.1779537    ,  5926.129    ,  190397.6    ,  5163068.    ,  5997.578    , 0.1161631    , 0.1161631    
         5.533,              ,  0.000000    ,  4015.420    ,  1780.729    ,  0.000000    ,  1780.729    ,  4015.420    , -2234.691    , -2231.439    ,  3.252359    , 0.5611241E-01,  5796.149    ,  188166.2    ,  5168864.    ,  6000.831    , 0.1160957    , 0.1160957    
         5.550,              ,  0.000000    ,  3962.225    ,  1718.229    ,  0.000000    ,  1718.229    ,  3962.225    , -2243.996    , -2233.947    ,  10.04972    , 0.1769176    ,  5680.455    ,  185932.2    ,  5174544.    ,  6010.880    , 0.1161625    , 0.1161625    
         5.567,              ,  0.000000    ,  3915.806    ,  1655.729    ,  0.000000    ,  1655.729    ,  3915.806    , -2260.077    , -2250.242    ,  9.834674    , 0.1765164    ,  5571.535    ,  183682.0    ,  5180116.    ,  6020.715    , 0.1162274    , 0.1162274    
         5.583,              ,  0.000000    ,  3868.851    ,  1593.229    ,  0.000000    ,  1593.229    ,  3868.851    , -2275.622    , -2266.620    ,  9.001846    , 0.1648062    ,  5462.080    ,  181415.4    ,  5185578.    ,  6029.717    , 0.1162786    , 0.1162786    
         5.600,              ,  0.000000    ,  3750.407    ,  1530.729    ,  0.000000    ,  1530.729    ,  3750.407    , -2219.678    , -2210.861    ,  8.817139    , 0.1669553    ,  5281.136    ,  179204.5    ,  5190859.    ,  6038.534    , 0.1163301    , 0.1163301    
         5.617,              ,  0.000000    ,  3668.948    ,  1468.229    ,  0.000000    ,  1468.229    ,  3668.948    , -2200.719    , -2192.064    ,  8.654299    , 0.1684641    ,  5137.177    ,  177012.5    ,  5195996.    ,  6047.188    , 0.1163817    , 0.1163817    
         5.633,              ,  0.000000    ,  3614.313    ,  1405.729    ,  0.000000    ,  1405.729    ,  3614.313    , -2208.584    , -2199.808    ,  8.776017    , 0.1748196    ,  5020.042    ,  174812.7    ,  5201016.    ,  6055.964    , 0.1164381    , 0.1164381    
         5.650,              ,  0.000000    ,  3544.554    ,  1343.229    ,  0.000000    ,  1343.229    ,  3544.554    , -2201.325    , -2192.820    ,  8.505137    , 0.1740081    ,  4887.783    ,  172619.8    ,  5205904.    ,  6064.469    , 0.1164921    , 0.1164921    
         5.667,              ,  0.000000    ,  3495.456    ,  1280.729    ,  0.000000    ,  1280.729    ,  3495.456    , -2214.727    , -2205.947    ,  8.780358    , 0.1838362    ,  4776.185    ,  170413.9    ,  5210680.    ,  6073.250    , 0.1165539    , 0.1165539    
         5.683,              ,  0.000000    ,  3476.623    ,  1218.229    ,  0.000000    ,  1218.229    ,  3476.623    , -2258.393    , -2249.227    ,  9.166561    , 0.1952471    ,  4694.852    ,  168164.7    ,  5215375.    ,  6082.416    , 0.1166247    , 0.1166247    
         5.700,              ,  0.000000    ,  3335.070    ,  1155.729    ,  0.000000    ,  1155.729    ,  3335.070    , -2179.341    , -2171.345    ,  7.995806    , 0.1780486    ,  4490.799    ,  165993.3    ,  5219866.    ,  6090.412    , 0.1166776    , 0.1166776    
         5.717,              ,  0.000000    ,  3260.404    ,  1093.229    ,  0.000000    ,  1093.229    ,  3260.404    , -2167.175    , -2158.705    ,  8.470346    , 0.1945581    ,  4353.634    ,  163834.6    ,  5224219.    ,  6098.882    , 0.1167425    , 0.1167425    
         5.733,              ,  0.000000    ,  3191.961    ,  1030.729    ,  0.000000    ,  1030.729    ,  3191.961    , -2161.232    , -2152.893    ,  8.338391    , 0.1974663    ,  4222.690    ,  161681.7    ,  5228442.    ,  6107.221    , 0.1168077    , 0.1168077    
         5.750,              ,  0.000000    ,  3123.010    ,  968.2292    ,  0.000000    ,  968.2292    ,  3123.010    , -2154.781    , -2146.654    ,  8.126958    , 0.1986429    ,  4091.240    ,  159535.1    ,  5232533.    ,  6115.348    , 0.1168716    , 0.1168716    
         5.767,              ,  0.000000    ,  3061.478    ,  905.7292    ,  0.000000    ,  905.7292    ,  3061.478    , -2155.749    , -2147.199    ,  8.550092    , 0.2155191    ,  3967.208    ,  157387.9    ,  5236501.    ,  6123.898    , 0.1169464    , 0.1169464    
         5.783,              ,  0.000000    ,  3016.040    ,  843.2292    ,  0.000000    ,  843.2292    ,  3016.040    , -2172.810    , -2157.378    ,  15.43285    , 0.3998905    ,  3859.269    ,  155230.5    ,  5240360.    ,  6139.331    , 0.1171548    , 0.1171548    
         5.800,              ,  0.000000    ,  2968.317    ,  780.7292    ,  0.000000    ,  780.7292    ,  2968.317    , -2187.588    , -2165.717    ,  21.87050    , 0.5833616    ,  3749.046    ,  153064.8    ,  5244109.    ,  6161.201    , 0.1174880    , 0.1174880    
         5.817,              ,  0.000000    ,  2941.745    ,  718.2292    ,  0.000000    ,  718.2292    ,  2941.745    , -2223.516    , -2198.155    ,  25.36105    , 0.6929296    ,  3659.975    ,  150866.6    ,  5247769.    ,  6186.562    , 0.1178894    , 0.1178894    
         5.833,              ,  0.000000    ,  2894.475    ,  655.7292    ,  0.000000    ,  655.7292    ,  2894.475    , -2238.746    , -2235.734    ,  3.012091    , 0.8484276E-01,  3550.204    ,  148630.9    ,  5251319.    ,  6189.574    , 0.1178670    , 0.1178670    
         5.850,              ,  0.000000    ,  2876.509    ,  593.2292    ,  0.000000    ,  593.2292    ,  2876.509    , -2283.280    , -2271.491    ,  11.78864    , 0.3397560    ,  3469.738    ,  146359.4    ,  5254789.    ,  6201.363    , 0.1180136    , 0.1180136    
         5.867,              ,  0.000000    ,  2818.297    ,  530.7292    ,  0.000000    ,  530.7292    ,  2818.297    , -2287.568    , -2277.683    ,  9.885165    , 0.2951653    ,  3349.027    ,  144081.7    ,  5258138.    ,  6211.248    , 0.1181264    , 0.1181264    
         5.883,              ,  0.000000    ,  2741.647    ,  468.2292    ,  0.000000    ,  468.2292    ,  2741.647    , -2273.418    , -2263.940    ,  9.477884    , 0.2952725    ,  3209.877    ,  141817.8    ,  5261348.    ,  6220.726    , 0.1182345    , 0.1182345    
         5.900,              ,  0.000000    ,  2666.385    ,  405.7292    ,  0.000000    ,  405.7292    ,  2666.385    , -2260.656    , -2248.855    ,  11.80098    , 0.3841323    ,  3072.114    ,  139568.9    ,  5264420.    ,  6232.527    , 0.1183896    , 0.1183896    
         5.917,              ,  0.000000    ,  2591.529    ,  343.2292    ,  0.000000    ,  343.2292    ,  2591.529    , -2248.300    , -2234.979    ,  13.32087    , 0.4538999    ,  2934.758    ,  137333.9    ,  5267355.    ,  6245.848    , 0.1185766    , 0.1185766    
         5.933,              ,  0.000000    ,  2526.333    ,  280.7292    ,  0.000000    ,  280.7292    ,  2526.333    , -2245.604    , -2232.989    ,  12.61481    , 0.4493955    ,  2807.062    ,  135100.9    ,  5270162.    ,  6258.463    , 0.1187528    , 0.1187528    
         5.950,              ,  0.000000    ,  2481.441    ,  218.2292    ,  0.000000    ,  218.2292    ,  2481.441    , -2263.212    , -2250.429    ,  12.78318    , 0.4735088    ,  2699.670    ,  132850.5    ,  5272861.    ,  6271.246    , 0.1189344    , 0.1189344    
         5.967,              ,  0.000000    ,  2487.280    ,  155.7292    ,  0.000000    ,  155.7292    ,  2487.280    , -2331.551    , -2317.780    ,  13.77109    , 0.5210382    ,  2643.009    ,  130532.7    ,  5275504.    ,  6285.017    , 0.1191359    , 0.1191359    
         5.983,              ,  0.000000    ,  2425.389    ,  93.22917    ,  0.000000    ,  93.22917    ,  2425.389    , -2332.160    , -2318.877    ,  13.28340    , 0.5274083    ,  2518.619    ,  128213.9    ,  5278023.    ,  6298.300    , 0.1193307    , 0.1193307    
         6.000,              ,  0.000000    ,  2354.187    ,  30.72917    ,  0.000000    ,  30.72917    ,  2354.187    , -2323.457    , -2309.292    ,  14.16573    , 0.5939720    ,  2384.916    ,  125904.6    ,  5280408.    ,  6312.466    , 0.1195450    , 0.1195450    
